2026-08-28 22:42:13 – agenda gerada
2026-08-28 23:09:20 – agenda gerada
2026-08-28 23:11:06 – agenda gerada
=== $(date '+%Y-%m-%d %H:%M:%S') - Starting agenda extraction ===
=== $(date '+%Y-%m-%d %H:%M:%S') - Extraction completed successfully ===
=== $(date '+%Y-%m-%d %H:%M:%S') - End of run ===
=== $(date '+%Y-%m-%d %H:%M:%S') - Starting agenda extraction ===
=== $(date '+%Y-%m-%d %H:%M:%S') - Extraction completed successfully ===
=== $(date '+%Y-%m-%d %H:%M:%S') - End of run ===
=== $(date '+%Y-%m-%d %H:%M:%S') - Starting agenda extraction ===
=== $(date '+%Y-%m-%d %H:%M:%S') - Extraction completed successfully ===
=== $(date '+%Y-%m-%d %H:%M:%S') - End of run ===
=== $(date '+%Y-%m-%d %H:%M:%S') - Starting agenda extraction ===
=== $(date '+%Y-%m-%d %H:%M:%S') - Extraction FAILED with exit code $? ===
=== $(date '+%Y-%m-%d %H:%M:%S') - End of run ===
=== $(date '+%Y-%m-%d %H:%M:%S') - Starting agenda extraction ===
🚀 Iniciando Hermes Agenda
🔐 Abrindo login...
✏️ Preenchendo login...
➡️ Entrando...
➡️ AVANÇAR clicado.
🔎 Procurando área de comunicação...
❌ Ícone de comunicação não encontrado.
=== $(date '+%Y-%m-%d %H:%M:%S') - Extraction completed successfully ===
=== $(date '+%Y-%m-%d %H:%M:%S') - End of run ===
=== $(date '+%Y-%m-%d %H:%M:%S') - Starting agenda extraction ===
🚀 Iniciando Hermes Agenda
🔐 Abrindo login...
✏️ Preenchendo login...
➡️ Entrando...
➡️ AVANÇAR clicado.
📅 Abrindo calendário...
📄 Página: Meu Bernoulli
🔎 Procurando .NewCalendar...
❌ .NewCalendar não encontrado.
🔍 Classes contendo 'Calendar':
📸 Screenshot salvo:
/home/vboxuser/agenda/debug_newcalendar.png
=== $(date '+%Y-%m-%d %H:%M:%S') - Extraction completed successfully ===
=== $(date '+%Y-%m-%d %H:%M:%S') - End of run ===
=== $(date '+%Y-%m-%d %H:%M:%S') - Starting agenda extraction ===
🚀 Iniciando Hermes Agenda
🔐 Abrindo login...
✏️ Preenchendo login...
➡️ Entrando...
➡️ AVANÇAR clicado.
=== $(date '+%Y-%m-%d %H:%M:%S') - Extraction FAILED with exit code $? ===
=== $(date '+%Y-%m-%d %H:%M:%S') - End of run ===
=== $(date '+%Y-%m-%d %H:%M:%S') - Starting agenda extraction ===
🚀 Iniciando Hermes Agenda
🔐 Abrindo login...
✏️ Preenchendo login...
➡️ Entrando...
➡️ AVANÇAR clicado.
🎓 Tutorial inicial encontrado.
❌ Tutorial inicial fechado.
📅 Abrindo calendário...
📄 Página: Meu Bernoulli
🔎 Procurando .NewCalendar...
✅ .NewCalendar encontrado.
🖱️ .NewCalendar clicado.
🔎 Aguardando .ModalContent...
❌ .ModalContent não apareceu.
=== $(date '+%Y-%m-%d %H:%M:%S') - Extraction completed successfully ===
=== $(date '+%Y-%m-%d %H:%M:%S') - End of run ===
=== 2026-08-28 23:29:39 - ================================================
=== 2026-08-28 23:29:39 - INÍCIO DA EXTRAÇÃO DA AGENDA
=== 2026-08-28 23:29:39 - Intervalo: 2026-06-20 até 2026-10-05
=== 2026-08-28 23:29:39 - PAGE_SIZE=100, MAX_PAGES=50, MAX_RETRIES=3
=== 2026-08-28 23:29:39 - ERRO: TOKEN não configurado.
=== 2026-08-28 23:36:02 - ================================================
=== 2026-08-28 23:36:02 - INÍCIO DA EXTRAÇÃO DA AGENDA
=== 2026-08-28 23:36:02 - Intervalo: 2026-06-20 até 2026-10-05
=== 2026-08-28 23:36:02 - PAGE_SIZE=100, MAX_PAGES=50, MAX_RETRIES=3
=== 2026-08-28 23:36:02 - Total de dias a consultar: 108
=== 2026-08-28 23:36:02 - Consultando página 1 (2026-06-20 até 2026-06-20) - tentativa 1/3
=== 2026-08-28 23:36:04 - 2026-06-20 - página 1: 68 eventos.
=== 2026-08-28 23:36:04 - 2026-06-20 - página 1: 68 eventos novos.
=== 2026-08-28 23:36:04 - 2026-06-20: 68 eventos encontrados.
=== 2026-08-28 23:36:04 - Consultando página 1 (2026-06-21 até 2026-06-21) - tentativa 1/3
=== 2026-08-28 23:36:05 - 2026-06-21 - página 1: 68 eventos.
=== 2026-08-28 23:36:05 - 2026-06-21 - página 1: 68 eventos novos.
=== 2026-08-28 23:36:05 - 2026-06-21: 68 eventos encontrados.
=== 2026-08-28 23:36:05 - Consultando página 1 (2026-06-22 até 2026-06-22) - tentativa 1/3
=== 2026-08-28 23:36:07 - 2026-06-22 - página 1: 71 eventos.
=== 2026-08-28 23:36:07 - 2026-06-22 - página 1: 71 eventos novos.
=== 2026-08-28 23:36:07 - 2026-06-22: 71 eventos encontrados.
=== 2026-08-28 23:36:07 - Consultando página 1 (2026-06-23 até 2026-06-23) - tentativa 1/3
=== 2026-08-28 23:36:08 - 2026-06-23 - página 1: 73 eventos.
=== 2026-08-28 23:36:08 - 2026-06-23 - página 1: 73 eventos novos.
=== 2026-08-28 23:36:08 - 2026-06-23: 73 eventos encontrados.
=== 2026-08-28 23:36:08 - Consultando página 1 (2026-06-24 até 2026-06-24) - tentativa 1/3
=== 2026-08-28 23:36:09 - 2026-06-24 - página 1: 73 eventos.
=== 2026-08-28 23:36:09 - 2026-06-24 - página 1: 73 eventos novos.
=== 2026-08-28 23:36:09 - 2026-06-24: 73 eventos encontrados.
=== 2026-08-28 23:36:09 - Consultando página 1 (2026-06-25 até 2026-06-25) - tentativa 1/3
=== 2026-08-28 23:36:11 - 2026-06-25 - página 1: 73 eventos.
=== 2026-08-28 23:36:11 - 2026-06-25 - página 1: 73 eventos novos.
=== 2026-08-28 23:36:11 - 2026-06-25: 73 eventos encontrados.
=== 2026-08-28 23:36:11 - Consultando página 1 (2026-06-26 até 2026-06-26) - tentativa 1/3
=== 2026-08-28 23:36:12 - 2026-06-26 - página 1: 73 eventos.
=== 2026-08-28 23:36:12 - 2026-06-26 - página 1: 73 eventos novos.
=== 2026-08-28 23:36:12 - 2026-06-26: 73 eventos encontrados.
=== 2026-08-28 23:36:12 - Consultando página 1 (2026-06-27 até 2026-06-27) - tentativa 1/3
=== 2026-08-28 23:36:13 - 2026-06-27 - página 1: 73 eventos.
=== 2026-08-28 23:36:13 - 2026-06-27 - página 1: 73 eventos novos.
=== 2026-08-28 23:36:13 - 2026-06-27: 73 eventos encontrados.
=== 2026-08-28 23:36:13 - Consultando página 1 (2026-06-28 até 2026-06-28) - tentativa 1/3
=== 2026-08-28 23:36:15 - 2026-06-28 - página 1: 73 eventos.
=== 2026-08-28 23:36:15 - 2026-06-28 - página 1: 73 eventos novos.
=== 2026-08-28 23:36:15 - 2026-06-28: 73 eventos encontrados.
=== 2026-08-28 23:36:15 - Consultando página 1 (2026-06-29 até 2026-06-29) - tentativa 1/3
=== 2026-08-28 23:36:16 - 2026-06-29 - página 1: 74 eventos.
=== 2026-08-28 23:36:16 - 2026-06-29 - página 1: 74 eventos novos.
=== 2026-08-28 23:36:16 - 2026-06-29: 74 eventos encontrados.
=== 2026-08-28 23:36:16 - Consultando página 1 (2026-06-30 até 2026-06-30) - tentativa 1/3
=== 2026-08-28 23:36:18 - 2026-06-30 - página 1: 74 eventos.
=== 2026-08-28 23:36:18 - 2026-06-30 - página 1: 74 eventos novos.
=== 2026-08-28 23:36:18 - 2026-06-30: 74 eventos encontrados.
=== 2026-08-28 23:36:18 - Consultando página 1 (2026-07-01 até 2026-07-01) - tentativa 1/3
=== 2026-08-28 23:36:19 - 2026-07-01 - página 1: 74 eventos.
=== 2026-08-28 23:36:19 - 2026-07-01 - página 1: 74 eventos novos.
=== 2026-08-28 23:36:19 - 2026-07-01: 74 eventos encontrados.
=== 2026-08-28 23:36:19 - Consultando página 1 (2026-07-02 até 2026-07-02) - tentativa 1/3
=== 2026-08-28 23:36:21 - 2026-07-02 - página 1: 74 eventos.
=== 2026-08-28 23:36:21 - 2026-07-02 - página 1: 74 eventos novos.
=== 2026-08-28 23:36:21 - 2026-07-02: 74 eventos encontrados.
=== 2026-08-28 23:36:21 - Consultando página 1 (2026-07-03 até 2026-07-03) - tentativa 1/3
=== 2026-08-28 23:36:22 - 2026-07-03 - página 1: 74 eventos.
=== 2026-08-28 23:36:22 - 2026-07-03 - página 1: 74 eventos novos.
=== 2026-08-28 23:36:22 - 2026-07-03: 74 eventos encontrados.
=== 2026-08-28 23:36:22 - Consultando página 1 (2026-07-04 até 2026-07-04) - tentativa 1/3
=== 2026-08-28 23:36:24 - 2026-07-04 - página 1: 74 eventos.
=== 2026-08-28 23:36:24 - 2026-07-04 - página 1: 74 eventos novos.
=== 2026-08-28 23:36:24 - 2026-07-04: 74 eventos encontrados.
=== 2026-08-28 23:36:24 - Consultando página 1 (2026-07-05 até 2026-07-05) - tentativa 1/3
=== 2026-08-28 23:36:25 - 2026-07-05 - página 1: 74 eventos.
=== 2026-08-28 23:36:25 - 2026-07-05 - página 1: 74 eventos novos.
=== 2026-08-28 23:36:25 - 2026-07-05: 74 eventos encontrados.
=== 2026-08-28 23:36:25 - Consultando página 1 (2026-07-06 até 2026-07-06) - tentativa 1/3
=== 2026-08-28 23:36:26 - 2026-07-06 - página 1: 74 eventos.
=== 2026-08-28 23:36:26 - 2026-07-06 - página 1: 74 eventos novos.
=== 2026-08-28 23:36:26 - 2026-07-06: 74 eventos encontrados.
=== 2026-08-28 23:36:26 - Consultando página 1 (2026-07-07 até 2026-07-07) - tentativa 1/3
=== 2026-08-28 23:36:28 - 2026-07-07 - página 1: 74 eventos.
=== 2026-08-28 23:36:28 - 2026-07-07 - página 1: 74 eventos novos.
=== 2026-08-28 23:36:28 - 2026-07-07: 74 eventos encontrados.
=== 2026-08-28 23:36:28 - Consultando página 1 (2026-07-08 até 2026-07-08) - tentativa 1/3
=== 2026-08-28 23:36:29 - 2026-07-08 - página 1: 74 eventos.
=== 2026-08-28 23:36:29 - 2026-07-08 - página 1: 74 eventos novos.
=== 2026-08-28 23:36:29 - 2026-07-08: 74 eventos encontrados.
=== 2026-08-28 23:36:29 - Consultando página 1 (2026-07-09 até 2026-07-09) - tentativa 1/3
=== 2026-08-28 23:36:31 - 2026-07-09 - página 1: 74 eventos.
=== 2026-08-28 23:36:31 - 2026-07-09 - página 1: 74 eventos novos.
=== 2026-08-28 23:36:31 - 2026-07-09: 74 eventos encontrados.
=== 2026-08-28 23:36:31 - Consultando página 1 (2026-07-10 até 2026-07-10) - tentativa 1/3
=== 2026-08-28 23:36:32 - 2026-07-10 - página 1: 74 eventos.
=== 2026-08-28 23:36:32 - 2026-07-10 - página 1: 74 eventos novos.
=== 2026-08-28 23:36:32 - 2026-07-10: 74 eventos encontrados.
=== 2026-08-28 23:36:32 - Consultando página 1 (2026-07-11 até 2026-07-11) - tentativa 1/3
=== 2026-08-28 23:36:33 - 2026-07-11 - página 1: 74 eventos.
=== 2026-08-28 23:36:33 - 2026-07-11 - página 1: 74 eventos novos.
=== 2026-08-28 23:36:33 - 2026-07-11: 74 eventos encontrados.
=== 2026-08-28 23:36:33 - Consultando página 1 (2026-07-12 até 2026-07-12) - tentativa 1/3
=== 2026-08-28 23:36:35 - 2026-07-12 - página 1: 74 eventos.
=== 2026-08-28 23:36:35 - 2026-07-12 - página 1: 74 eventos novos.
=== 2026-08-28 23:36:35 - 2026-07-12: 74 eventos encontrados.
=== 2026-08-28 23:36:35 - Consultando página 1 (2026-07-13 até 2026-07-13) - tentativa 1/3
=== 2026-08-28 23:36:36 - 2026-07-13 - página 1: 74 eventos.
=== 2026-08-28 23:36:36 - 2026-07-13 - página 1: 74 eventos novos.
=== 2026-08-28 23:36:36 - 2026-07-13: 74 eventos encontrados.
=== 2026-08-28 23:36:36 - Consultando página 1 (2026-07-14 até 2026-07-14) - tentativa 1/3
=== 2026-08-28 23:36:37 - 2026-07-14 - página 1: 74 eventos.
=== 2026-08-28 23:36:37 - 2026-07-14 - página 1: 74 eventos novos.
=== 2026-08-28 23:36:37 - 2026-07-14: 74 eventos encontrados.
=== 2026-08-28 23:36:37 - Consultando página 1 (2026-07-15 até 2026-07-15) - tentativa 1/3
=== 2026-08-28 23:36:39 - 2026-07-15 - página 1: 74 eventos.
=== 2026-08-28 23:36:39 - 2026-07-15 - página 1: 74 eventos novos.
=== 2026-08-28 23:36:39 - 2026-07-15: 74 eventos encontrados.
=== 2026-08-28 23:36:39 - Consultando página 1 (2026-07-16 até 2026-07-16) - tentativa 1/3
=== 2026-08-28 23:36:41 - 2026-07-16 - página 1: 74 eventos.
=== 2026-08-28 23:36:41 - 2026-07-16 - página 1: 74 eventos novos.
=== 2026-08-28 23:36:41 - 2026-07-16: 74 eventos encontrados.
=== 2026-08-28 23:36:41 - Consultando página 1 (2026-07-17 até 2026-07-17) - tentativa 1/3
=== 2026-08-28 23:36:42 - 2026-07-17 - página 1: 74 eventos.
=== 2026-08-28 23:36:42 - 2026-07-17 - página 1: 74 eventos novos.
=== 2026-08-28 23:36:42 - 2026-07-17: 74 eventos encontrados.
=== 2026-08-28 23:36:42 - Consultando página 1 (2026-07-18 até 2026-07-18) - tentativa 1/3
=== 2026-08-28 23:36:43 - 2026-07-18 - página 1: 74 eventos.
=== 2026-08-28 23:36:43 - 2026-07-18 - página 1: 74 eventos novos.
=== 2026-08-28 23:36:43 - 2026-07-18: 74 eventos encontrados.
=== 2026-08-28 23:36:43 - Consultando página 1 (2026-07-19 até 2026-07-19) - tentativa 1/3
=== 2026-08-28 23:36:45 - 2026-07-19 - página 1: 74 eventos.
=== 2026-08-28 23:36:45 - 2026-07-19 - página 1: 74 eventos novos.
=== 2026-08-28 23:36:45 - 2026-07-19: 74 eventos encontrados.
=== 2026-08-28 23:36:45 - Consultando página 1 (2026-07-20 até 2026-07-20) - tentativa 1/3
=== 2026-08-28 23:36:46 - 2026-07-20 - página 1: 74 eventos.
=== 2026-08-28 23:36:46 - 2026-07-20 - página 1: 74 eventos novos.
=== 2026-08-28 23:36:46 - 2026-07-20: 74 eventos encontrados.
=== 2026-08-28 23:36:46 - Consultando página 1 (2026-07-21 até 2026-07-21) - tentativa 1/3
=== 2026-08-28 23:36:47 - 2026-07-21 - página 1: 74 eventos.
=== 2026-08-28 23:36:47 - 2026-07-21 - página 1: 74 eventos novos.
=== 2026-08-28 23:36:47 - 2026-07-21: 74 eventos encontrados.
=== 2026-08-28 23:36:47 - Consultando página 1 (2026-07-22 até 2026-07-22) - tentativa 1/3
=== 2026-08-28 23:36:49 - 2026-07-22 - página 1: 74 eventos.
=== 2026-08-28 23:36:49 - 2026-07-22 - página 1: 74 eventos novos.
=== 2026-08-28 23:36:49 - 2026-07-22: 74 eventos encontrados.
=== 2026-08-28 23:36:49 - Consultando página 1 (2026-07-23 até 2026-07-23) - tentativa 1/3
=== 2026-08-28 23:36:50 - 2026-07-23 - página 1: 75 eventos.
=== 2026-08-28 23:36:50 - 2026-07-23 - página 1: 75 eventos novos.
=== 2026-08-28 23:36:50 - 2026-07-23: 75 eventos encontrados.
=== 2026-08-28 23:36:50 - Consultando página 1 (2026-07-24 até 2026-07-24) - tentativa 1/3
=== 2026-08-28 23:36:51 - 2026-07-24 - página 1: 75 eventos.
=== 2026-08-28 23:36:51 - 2026-07-24 - página 1: 75 eventos novos.
=== 2026-08-28 23:36:51 - 2026-07-24: 75 eventos encontrados.
=== 2026-08-28 23:36:51 - Consultando página 1 (2026-07-25 até 2026-07-25) - tentativa 1/3
=== 2026-08-28 23:36:53 - 2026-07-25 - página 1: 75 eventos.
=== 2026-08-28 23:36:53 - 2026-07-25 - página 1: 75 eventos novos.
=== 2026-08-28 23:36:53 - 2026-07-25: 75 eventos encontrados.
=== 2026-08-28 23:36:53 - Consultando página 1 (2026-07-26 até 2026-07-26) - tentativa 1/3
=== 2026-08-28 23:36:54 - 2026-07-26 - página 1: 75 eventos.
=== 2026-08-28 23:36:54 - 2026-07-26 - página 1: 75 eventos novos.
=== 2026-08-28 23:36:54 - 2026-07-26: 75 eventos encontrados.
=== 2026-08-28 23:36:54 - Consultando página 1 (2026-07-27 até 2026-07-27) - tentativa 1/3
=== 2026-08-28 23:36:56 - 2026-07-27 - página 1: 76 eventos.
=== 2026-08-28 23:36:56 - 2026-07-27 - página 1: 76 eventos novos.
=== 2026-08-28 23:36:56 - 2026-07-27: 76 eventos encontrados.
=== 2026-08-28 23:36:56 - Consultando página 1 (2026-07-28 até 2026-07-28) - tentativa 1/3
=== 2026-08-28 23:36:57 - 2026-07-28 - página 1: 77 eventos.
=== 2026-08-28 23:36:57 - 2026-07-28 - página 1: 77 eventos novos.
=== 2026-08-28 23:36:57 - 2026-07-28: 77 eventos encontrados.
=== 2026-08-28 23:36:57 - Consultando página 1 (2026-07-29 até 2026-07-29) - tentativa 1/3
=== 2026-08-28 23:36:59 - 2026-07-29 - página 1: 79 eventos.
=== 2026-08-28 23:36:59 - 2026-07-29 - página 1: 79 eventos novos.
=== 2026-08-28 23:36:59 - 2026-07-29: 79 eventos encontrados.
=== 2026-08-28 23:36:59 - Consultando página 1 (2026-07-30 até 2026-07-30) - tentativa 1/3
=== 2026-08-28 23:37:00 - 2026-07-30 - página 1: 79 eventos.
=== 2026-08-28 23:37:00 - 2026-07-30 - página 1: 79 eventos novos.
=== 2026-08-28 23:37:00 - 2026-07-30: 79 eventos encontrados.
=== 2026-08-28 23:37:00 - Consultando página 1 (2026-07-31 até 2026-07-31) - tentativa 1/3
=== 2026-08-28 23:37:02 - 2026-07-31 - página 1: 79 eventos.
=== 2026-08-28 23:37:02 - 2026-07-31 - página 1: 79 eventos novos.
=== 2026-08-28 23:37:02 - 2026-07-31: 79 eventos encontrados.
=== 2026-08-28 23:37:02 - Consultando página 1 (2026-08-01 até 2026-08-01) - tentativa 1/3
=== 2026-08-28 23:37:03 - 2026-08-01 - página 1: 79 eventos.
=== 2026-08-28 23:37:03 - 2026-08-01 - página 1: 79 eventos novos.
=== 2026-08-28 23:37:03 - 2026-08-01: 79 eventos encontrados.
=== 2026-08-28 23:37:03 - Consultando página 1 (2026-08-02 até 2026-08-02) - tentativa 1/3
=== 2026-08-28 23:37:05 - 2026-08-02 - página 1: 79 eventos.
=== 2026-08-28 23:37:05 - 2026-08-02 - página 1: 79 eventos novos.
=== 2026-08-28 23:37:05 - 2026-08-02: 79 eventos encontrados.
=== 2026-08-28 23:37:05 - Consultando página 1 (2026-08-03 até 2026-08-03) - tentativa 1/3
=== 2026-08-28 23:37:06 - 2026-08-03 - página 1: 79 eventos.
=== 2026-08-28 23:37:06 - 2026-08-03 - página 1: 79 eventos novos.
=== 2026-08-28 23:37:06 - 2026-08-03: 79 eventos encontrados.
=== 2026-08-28 23:37:06 - Consultando página 1 (2026-08-04 até 2026-08-04) - tentativa 1/3
=== 2026-08-28 23:37:07 - 2026-08-04 - página 1: 81 eventos.
=== 2026-08-28 23:37:07 - 2026-08-04 - página 1: 81 eventos novos.
=== 2026-08-28 23:37:07 - 2026-08-04: 81 eventos encontrados.
=== 2026-08-28 23:37:07 - Consultando página 1 (2026-08-05 até 2026-08-05) - tentativa 1/3
=== 2026-08-28 23:37:09 - 2026-08-05 - página 1: 83 eventos.
=== 2026-08-28 23:37:09 - 2026-08-05 - página 1: 83 eventos novos.
=== 2026-08-28 23:37:09 - 2026-08-05: 83 eventos encontrados.
=== 2026-08-28 23:37:09 - Consultando página 1 (2026-08-06 até 2026-08-06) - tentativa 1/3
=== 2026-08-28 23:37:11 - 2026-08-06 - página 1: 84 eventos.
=== 2026-08-28 23:37:11 - 2026-08-06 - página 1: 84 eventos novos.
=== 2026-08-28 23:37:11 - 2026-08-06: 84 eventos encontrados.
=== 2026-08-28 23:37:11 - Consultando página 1 (2026-08-07 até 2026-08-07) - tentativa 1/3
=== 2026-08-28 23:37:12 - 2026-08-07 - página 1: 84 eventos.
=== 2026-08-28 23:37:12 - 2026-08-07 - página 1: 84 eventos novos.
=== 2026-08-28 23:37:12 - 2026-08-07: 84 eventos encontrados.
=== 2026-08-28 23:37:12 - Consultando página 1 (2026-08-08 até 2026-08-08) - tentativa 1/3
=== 2026-08-28 23:37:13 - 2026-08-08 - página 1: 82 eventos.
=== 2026-08-28 23:37:13 - 2026-08-08 - página 1: 82 eventos novos.
=== 2026-08-28 23:37:13 - 2026-08-08: 82 eventos encontrados.
=== 2026-08-28 23:37:13 - Consultando página 1 (2026-08-09 até 2026-08-09) - tentativa 1/3
=== 2026-08-28 23:37:15 - 2026-08-09 - página 1: 82 eventos.
=== 2026-08-28 23:37:15 - 2026-08-09 - página 1: 82 eventos novos.
=== 2026-08-28 23:37:15 - 2026-08-09: 82 eventos encontrados.
=== 2026-08-28 23:37:15 - Consultando página 1 (2026-08-10 até 2026-08-10) - tentativa 1/3
=== 2026-08-28 23:37:16 - 2026-08-10 - página 1: 83 eventos.
=== 2026-08-28 23:37:16 - 2026-08-10 - página 1: 83 eventos novos.
=== 2026-08-28 23:37:16 - 2026-08-10: 83 eventos encontrados.
=== 2026-08-28 23:37:16 - Consultando página 1 (2026-08-11 até 2026-08-11) - tentativa 1/3
=== 2026-08-28 23:37:18 - 2026-08-11 - página 1: 83 eventos.
=== 2026-08-28 23:37:18 - 2026-08-11 - página 1: 83 eventos novos.
=== 2026-08-28 23:37:18 - 2026-08-11: 83 eventos encontrados.
=== 2026-08-28 23:37:18 - Consultando página 1 (2026-08-12 até 2026-08-12) - tentativa 1/3
=== 2026-08-28 23:37:19 - 2026-08-12 - página 1: 83 eventos.
=== 2026-08-28 23:37:19 - 2026-08-12 - página 1: 83 eventos novos.
=== 2026-08-28 23:37:19 - 2026-08-12: 83 eventos encontrados.
=== 2026-08-28 23:37:19 - Consultando página 1 (2026-08-13 até 2026-08-13) - tentativa 1/3
=== 2026-08-28 23:37:21 - 2026-08-13 - página 1: 83 eventos.
=== 2026-08-28 23:37:21 - 2026-08-13 - página 1: 83 eventos novos.
=== 2026-08-28 23:37:21 - 2026-08-13: 83 eventos encontrados.
=== 2026-08-28 23:37:21 - Consultando página 1 (2026-08-14 até 2026-08-14) - tentativa 1/3
=== 2026-08-28 23:37:22 - 2026-08-14 - página 1: 83 eventos.
=== 2026-08-28 23:37:22 - 2026-08-14 - página 1: 83 eventos novos.
=== 2026-08-28 23:37:22 - 2026-08-14: 83 eventos encontrados.
=== 2026-08-28 23:37:22 - Consultando página 1 (2026-08-15 até 2026-08-15) - tentativa 1/3
=== 2026-08-28 23:37:24 - 2026-08-15 - página 1: 83 eventos.
=== 2026-08-28 23:37:24 - 2026-08-15 - página 1: 83 eventos novos.
=== 2026-08-28 23:37:24 - 2026-08-15: 83 eventos encontrados.
=== 2026-08-28 23:37:24 - Consultando página 1 (2026-08-16 até 2026-08-16) - tentativa 1/3
=== 2026-08-28 23:37:25 - 2026-08-16 - página 1: 83 eventos.
=== 2026-08-28 23:37:25 - 2026-08-16 - página 1: 83 eventos novos.
=== 2026-08-28 23:37:25 - 2026-08-16: 83 eventos encontrados.
=== 2026-08-28 23:37:25 - Consultando página 1 (2026-08-17 até 2026-08-17) - tentativa 1/3
=== 2026-08-28 23:37:26 - 2026-08-17 - página 1: 84 eventos.
=== 2026-08-28 23:37:26 - 2026-08-17 - página 1: 84 eventos novos.
=== 2026-08-28 23:37:26 - 2026-08-17: 84 eventos encontrados.
=== 2026-08-28 23:37:26 - Consultando página 1 (2026-08-18 até 2026-08-18) - tentativa 1/3
=== 2026-08-28 23:37:28 - 2026-08-18 - página 1: 84 eventos.
=== 2026-08-28 23:37:28 - 2026-08-18 - página 1: 84 eventos novos.
=== 2026-08-28 23:37:28 - 2026-08-18: 84 eventos encontrados.
=== 2026-08-28 23:37:28 - Consultando página 1 (2026-08-19 até 2026-08-19) - tentativa 1/3
=== 2026-08-28 23:37:29 - 2026-08-19 - página 1: 84 eventos.
=== 2026-08-28 23:37:29 - 2026-08-19 - página 1: 84 eventos novos.
=== 2026-08-28 23:37:29 - 2026-08-19: 84 eventos encontrados.
=== 2026-08-28 23:37:29 - Consultando página 1 (2026-08-20 até 2026-08-20) - tentativa 1/3
=== 2026-08-28 23:37:30 - 2026-08-20 - página 1: 84 eventos.
=== 2026-08-28 23:37:30 - 2026-08-20 - página 1: 84 eventos novos.
=== 2026-08-28 23:37:30 - 2026-08-20: 84 eventos encontrados.
=== 2026-08-28 23:37:30 - Consultando página 1 (2026-08-21 até 2026-08-21) - tentativa 1/3
=== 2026-08-28 23:37:32 - 2026-08-21 - página 1: 84 eventos.
=== 2026-08-28 23:37:32 - 2026-08-21 - página 1: 84 eventos novos.
=== 2026-08-28 23:37:32 - 2026-08-21: 84 eventos encontrados.
=== 2026-08-28 23:37:32 - Consultando página 1 (2026-08-22 até 2026-08-22) - tentativa 1/3
=== 2026-08-28 23:37:34 - 2026-08-22 - página 1: 84 eventos.
=== 2026-08-28 23:37:34 - 2026-08-22 - página 1: 84 eventos novos.
=== 2026-08-28 23:37:34 - 2026-08-22: 84 eventos encontrados.
=== 2026-08-28 23:37:34 - Consultando página 1 (2026-08-23 até 2026-08-23) - tentativa 1/3
=== 2026-08-28 23:37:35 - 2026-08-23 - página 1: 84 eventos.
=== 2026-08-28 23:37:35 - 2026-08-23 - página 1: 84 eventos novos.
=== 2026-08-28 23:37:35 - 2026-08-23: 84 eventos encontrados.
=== 2026-08-28 23:37:35 - Consultando página 1 (2026-08-24 até 2026-08-24) - tentativa 1/3
=== 2026-08-28 23:37:37 - 2026-08-24 - página 1: 84 eventos.
=== 2026-08-28 23:37:37 - 2026-08-24 - página 1: 84 eventos novos.
=== 2026-08-28 23:37:37 - 2026-08-24: 84 eventos encontrados.
=== 2026-08-28 23:37:37 - Consultando página 1 (2026-08-25 até 2026-08-25) - tentativa 1/3
=== 2026-08-28 23:37:39 - 2026-08-25 - página 1: 84 eventos.
=== 2026-08-28 23:37:39 - 2026-08-25 - página 1: 84 eventos novos.
=== 2026-08-28 23:37:39 - 2026-08-25: 84 eventos encontrados.
=== 2026-08-28 23:37:39 - Consultando página 1 (2026-08-26 até 2026-08-26) - tentativa 1/3
=== 2026-08-28 23:37:40 - 2026-08-26 - página 1: 84 eventos.
=== 2026-08-28 23:37:40 - 2026-08-26 - página 1: 84 eventos novos.
=== 2026-08-28 23:37:40 - 2026-08-26: 84 eventos encontrados.
=== 2026-08-28 23:37:40 - Consultando página 1 (2026-08-27 até 2026-08-27) - tentativa 1/3
=== 2026-08-28 23:37:42 - 2026-08-27 - página 1: 84 eventos.
=== 2026-08-28 23:37:42 - 2026-08-27 - página 1: 84 eventos novos.
=== 2026-08-28 23:37:42 - 2026-08-27: 84 eventos encontrados.
=== 2026-08-28 23:37:42 - Consultando página 1 (2026-08-28 até 2026-08-28) - tentativa 1/3
=== 2026-08-28 23:37:43 - 2026-08-28 - página 1: 84 eventos.
=== 2026-08-28 23:37:43 - 2026-08-28 - página 1: 84 eventos novos.
=== 2026-08-28 23:37:43 - 2026-08-28: 84 eventos encontrados.
=== 2026-08-28 23:37:43 - Consultando página 1 (2026-08-29 até 2026-08-29) - tentativa 1/3
=== 2026-08-28 23:37:44 - 2026-08-29 - página 1: 84 eventos.
=== 2026-08-28 23:37:44 - 2026-08-29 - página 1: 84 eventos novos.
=== 2026-08-28 23:37:44 - 2026-08-29: 84 eventos encontrados.
=== 2026-08-28 23:37:44 - Consultando página 1 (2026-08-30 até 2026-08-30) - tentativa 1/3
=== 2026-08-28 23:37:46 - 2026-08-30 - página 1: 84 eventos.
=== 2026-08-28 23:37:46 - 2026-08-30 - página 1: 84 eventos novos.
=== 2026-08-28 23:37:46 - 2026-08-30: 84 eventos encontrados.
=== 2026-08-28 23:37:46 - Consultando página 1 (2026-08-31 até 2026-08-31) - tentativa 1/3
=== 2026-08-28 23:37:47 - 2026-08-31 - página 1: 84 eventos.
=== 2026-08-28 23:37:47 - 2026-08-31 - página 1: 84 eventos novos.
=== 2026-08-28 23:37:47 - 2026-08-31: 84 eventos encontrados.
=== 2026-08-28 23:37:47 - Consultando página 1 (2026-09-01 até 2026-09-01) - tentativa 1/3
=== 2026-08-28 23:37:48 - 2026-09-01 - página 1: 84 eventos.
=== 2026-08-28 23:37:48 - 2026-09-01 - página 1: 84 eventos novos.
=== 2026-08-28 23:37:48 - 2026-09-01: 84 eventos encontrados.
=== 2026-08-28 23:37:48 - Consultando página 1 (2026-09-02 até 2026-09-02) - tentativa 1/3
=== 2026-08-28 23:37:50 - 2026-09-02 - página 1: 84 eventos.
=== 2026-08-28 23:37:50 - 2026-09-02 - página 1: 84 eventos novos.
=== 2026-08-28 23:37:50 - 2026-09-02: 84 eventos encontrados.
=== 2026-08-28 23:37:50 - Consultando página 1 (2026-09-03 até 2026-09-03) - tentativa 1/3
=== 2026-08-28 23:37:51 - 2026-09-03 - página 1: 84 eventos.
=== 2026-08-28 23:37:51 - 2026-09-03 - página 1: 84 eventos novos.
=== 2026-08-28 23:37:51 - 2026-09-03: 84 eventos encontrados.
=== 2026-08-28 23:37:51 - Consultando página 1 (2026-09-04 até 2026-09-04) - tentativa 1/3
=== 2026-08-28 23:37:53 - 2026-09-04 - página 1: 84 eventos.
=== 2026-08-28 23:37:53 - 2026-09-04 - página 1: 84 eventos novos.
=== 2026-08-28 23:37:53 - 2026-09-04: 84 eventos encontrados.
=== 2026-08-28 23:37:53 - Consultando página 1 (2026-09-05 até 2026-09-05) - tentativa 1/3
=== 2026-08-28 23:37:54 - 2026-09-05 - página 1: 84 eventos.
=== 2026-08-28 23:37:54 - 2026-09-05 - página 1: 84 eventos novos.
=== 2026-08-28 23:37:54 - 2026-09-05: 84 eventos encontrados.
=== 2026-08-28 23:37:54 - Consultando página 1 (2026-09-06 até 2026-09-06) - tentativa 1/3
=== 2026-08-28 23:37:56 - 2026-09-06 - página 1: 84 eventos.
=== 2026-08-28 23:37:56 - 2026-09-06 - página 1: 84 eventos novos.
=== 2026-08-28 23:37:56 - 2026-09-06: 84 eventos encontrados.
=== 2026-08-28 23:37:56 - Consultando página 1 (2026-09-07 até 2026-09-07) - tentativa 1/3
=== 2026-08-28 23:37:57 - 2026-09-07 - página 1: 84 eventos.
=== 2026-08-28 23:37:57 - 2026-09-07 - página 1: 84 eventos novos.
=== 2026-08-28 23:37:57 - 2026-09-07: 84 eventos encontrados.
=== 2026-08-28 23:37:57 - Consultando página 1 (2026-09-08 até 2026-09-08) - tentativa 1/3
=== 2026-08-28 23:37:59 - 2026-09-08 - página 1: 84 eventos.
=== 2026-08-28 23:37:59 - 2026-09-08 - página 1: 84 eventos novos.
=== 2026-08-28 23:37:59 - 2026-09-08: 84 eventos encontrados.
=== 2026-08-28 23:37:59 - Consultando página 1 (2026-09-09 até 2026-09-09) - tentativa 1/3
=== 2026-08-28 23:38:00 - 2026-09-09 - página 1: 84 eventos.
=== 2026-08-28 23:38:00 - 2026-09-09 - página 1: 84 eventos novos.
=== 2026-08-28 23:38:00 - 2026-09-09: 84 eventos encontrados.
=== 2026-08-28 23:38:00 - Consultando página 1 (2026-09-10 até 2026-09-10) - tentativa 1/3
=== 2026-08-28 23:38:02 - 2026-09-10 - página 1: 84 eventos.
=== 2026-08-28 23:38:02 - 2026-09-10 - página 1: 84 eventos novos.
=== 2026-08-28 23:38:02 - 2026-09-10: 84 eventos encontrados.
=== 2026-08-28 23:38:02 - Consultando página 1 (2026-09-11 até 2026-09-11) - tentativa 1/3
=== 2026-08-28 23:38:03 - 2026-09-11 - página 1: 84 eventos.
=== 2026-08-28 23:38:03 - 2026-09-11 - página 1: 84 eventos novos.
=== 2026-08-28 23:38:03 - 2026-09-11: 84 eventos encontrados.
=== 2026-08-28 23:38:03 - Consultando página 1 (2026-09-12 até 2026-09-12) - tentativa 1/3
=== 2026-08-28 23:38:05 - 2026-09-12 - página 1: 84 eventos.
=== 2026-08-28 23:38:05 - 2026-09-12 - página 1: 84 eventos novos.
=== 2026-08-28 23:38:05 - 2026-09-12: 84 eventos encontrados.
=== 2026-08-28 23:38:05 - Consultando página 1 (2026-09-13 até 2026-09-13) - tentativa 1/3
=== 2026-08-28 23:38:07 - 2026-09-13 - página 1: 84 eventos.
=== 2026-08-28 23:38:07 - 2026-09-13 - página 1: 84 eventos novos.
=== 2026-08-28 23:38:07 - 2026-09-13: 84 eventos encontrados.
=== 2026-08-28 23:38:07 - Consultando página 1 (2026-09-14 até 2026-09-14) - tentativa 1/3
=== 2026-08-28 23:38:09 - 2026-09-14 - página 1: 84 eventos.
=== 2026-08-28 23:38:09 - 2026-09-14 - página 1: 84 eventos novos.
=== 2026-08-28 23:38:09 - 2026-09-14: 84 eventos encontrados.
=== 2026-08-28 23:38:09 - Consultando página 1 (2026-09-15 até 2026-09-15) - tentativa 1/3
=== 2026-08-28 23:38:10 - 2026-09-15 - página 1: 84 eventos.
=== 2026-08-28 23:38:10 - 2026-09-15 - página 1: 84 eventos novos.
=== 2026-08-28 23:38:10 - 2026-09-15: 84 eventos encontrados.
=== 2026-08-28 23:38:10 - Consultando página 1 (2026-09-16 até 2026-09-16) - tentativa 1/3
=== 2026-08-28 23:38:12 - 2026-09-16 - página 1: 84 eventos.
=== 2026-08-28 23:38:12 - 2026-09-16 - página 1: 84 eventos novos.
=== 2026-08-28 23:38:12 - 2026-09-16: 84 eventos encontrados.
=== 2026-08-28 23:38:12 - Consultando página 1 (2026-09-17 até 2026-09-17) - tentativa 1/3
=== 2026-08-28 23:38:13 - 2026-09-17 - página 1: 84 eventos.
=== 2026-08-28 23:38:13 - 2026-09-17 - página 1: 84 eventos novos.
=== 2026-08-28 23:38:13 - 2026-09-17: 84 eventos encontrados.
=== 2026-08-28 23:38:13 - Consultando página 1 (2026-09-18 até 2026-09-18) - tentativa 1/3
=== 2026-08-28 23:38:14 - 2026-09-18 - página 1: 84 eventos.
=== 2026-08-28 23:38:14 - 2026-09-18 - página 1: 84 eventos novos.
=== 2026-08-28 23:38:14 - 2026-09-18: 84 eventos encontrados.
=== 2026-08-28 23:38:14 - Consultando página 1 (2026-09-19 até 2026-09-19) - tentativa 1/3
=== 2026-08-28 23:38:16 - 2026-09-19 - página 1: 84 eventos.
=== 2026-08-28 23:38:16 - 2026-09-19 - página 1: 84 eventos novos.
=== 2026-08-28 23:38:16 - 2026-09-19: 84 eventos encontrados.
=== 2026-08-28 23:38:16 - Consultando página 1 (2026-09-20 até 2026-09-20) - tentativa 1/3
=== 2026-08-28 23:38:17 - 2026-09-20 - página 1: 84 eventos.
=== 2026-08-28 23:38:17 - 2026-09-20 - página 1: 84 eventos novos.
=== 2026-08-28 23:38:17 - 2026-09-20: 84 eventos encontrados.
=== 2026-08-28 23:38:17 - Consultando página 1 (2026-09-21 até 2026-09-21) - tentativa 1/3
=== 2026-08-28 23:38:18 - 2026-09-21 - página 1: 84 eventos.
=== 2026-08-28 23:38:18 - 2026-09-21 - página 1: 84 eventos novos.
=== 2026-08-28 23:38:18 - 2026-09-21: 84 eventos encontrados.
=== 2026-08-28 23:38:18 - Consultando página 1 (2026-09-22 até 2026-09-22) - tentativa 1/3
=== 2026-08-28 23:38:20 - 2026-09-22 - página 1: 84 eventos.
=== 2026-08-28 23:38:20 - 2026-09-22 - página 1: 84 eventos novos.
=== 2026-08-28 23:38:20 - 2026-09-22: 84 eventos encontrados.
=== 2026-08-28 23:38:20 - Consultando página 1 (2026-09-23 até 2026-09-23) - tentativa 1/3
=== 2026-08-28 23:38:21 - 2026-09-23 - página 1: 84 eventos.
=== 2026-08-28 23:38:21 - 2026-09-23 - página 1: 84 eventos novos.
=== 2026-08-28 23:38:21 - 2026-09-23: 84 eventos encontrados.
=== 2026-08-28 23:38:21 - Consultando página 1 (2026-09-24 até 2026-09-24) - tentativa 1/3
=== 2026-08-28 23:38:22 - 2026-09-24 - página 1: 84 eventos.
=== 2026-08-28 23:38:22 - 2026-09-24 - página 1: 84 eventos novos.
=== 2026-08-28 23:38:22 - 2026-09-24: 84 eventos encontrados.
=== 2026-08-28 23:38:22 - Consultando página 1 (2026-09-25 até 2026-09-25) - tentativa 1/3
=== 2026-08-28 23:38:24 - 2026-09-25 - página 1: 84 eventos.
=== 2026-08-28 23:38:24 - 2026-09-25 - página 1: 84 eventos novos.
=== 2026-08-28 23:38:24 - 2026-09-25: 84 eventos encontrados.
=== 2026-08-28 23:38:24 - Consultando página 1 (2026-09-26 até 2026-09-26) - tentativa 1/3
=== 2026-08-28 23:38:25 - 2026-09-26 - página 1: 84 eventos.
=== 2026-08-28 23:38:25 - 2026-09-26 - página 1: 84 eventos novos.
=== 2026-08-28 23:38:25 - 2026-09-26: 84 eventos encontrados.
=== 2026-08-28 23:38:25 - Consultando página 1 (2026-09-27 até 2026-09-27) - tentativa 1/3
=== 2026-08-28 23:38:27 - 2026-09-27 - página 1: 84 eventos.
=== 2026-08-28 23:38:27 - 2026-09-27 - página 1: 84 eventos novos.
=== 2026-08-28 23:38:27 - 2026-09-27: 84 eventos encontrados.
=== 2026-08-28 23:38:27 - Consultando página 1 (2026-09-28 até 2026-09-28) - tentativa 1/3
=== 2026-08-28 23:38:28 - 2026-09-28 - página 1: 84 eventos.
=== 2026-08-28 23:38:28 - 2026-09-28 - página 1: 84 eventos novos.
=== 2026-08-28 23:38:28 - 2026-09-28: 84 eventos encontrados.
=== 2026-08-28 23:38:28 - Consultando página 1 (2026-09-29 até 2026-09-29) - tentativa 1/3
=== 2026-08-28 23:38:29 - 2026-09-29 - página 1: 84 eventos.
=== 2026-08-28 23:38:29 - 2026-09-29 - página 1: 84 eventos novos.
=== 2026-08-28 23:38:29 - 2026-09-29: 84 eventos encontrados.
=== 2026-08-28 23:38:29 - Consultando página 1 (2026-09-30 até 2026-09-30) - tentativa 1/3
=== 2026-08-28 23:38:31 - 2026-09-30 - página 1: 84 eventos.
=== 2026-08-28 23:38:31 - 2026-09-30 - página 1: 84 eventos novos.
=== 2026-08-28 23:38:31 - 2026-09-30: 84 eventos encontrados.
=== 2026-08-28 23:38:31 - Consultando página 1 (2026-10-01 até 2026-10-01) - tentativa 1/3
=== 2026-08-28 23:38:32 - 2026-10-01 - página 1: 84 eventos.
=== 2026-08-28 23:38:32 - 2026-10-01 - página 1: 84 eventos novos.
=== 2026-08-28 23:38:32 - 2026-10-01: 84 eventos encontrados.
=== 2026-08-28 23:38:32 - Consultando página 1 (2026-10-02 até 2026-10-02) - tentativa 1/3
=== 2026-08-28 23:38:34 - 2026-10-02 - página 1: 84 eventos.
=== 2026-08-28 23:38:34 - 2026-10-02 - página 1: 84 eventos novos.
=== 2026-08-28 23:38:34 - 2026-10-02: 84 eventos encontrados.
=== 2026-08-28 23:38:34 - Consultando página 1 (2026-10-03 até 2026-10-03) - tentativa 1/3
=== 2026-08-28 23:38:35 - 2026-10-03 - página 1: 84 eventos.
=== 2026-08-28 23:38:35 - 2026-10-03 - página 1: 84 eventos novos.
=== 2026-08-28 23:38:35 - 2026-10-03: 84 eventos encontrados.
=== 2026-08-28 23:38:35 - Consultando página 1 (2026-10-04 até 2026-10-04) - tentativa 1/3
=== 2026-08-28 23:38:36 - 2026-10-04 - página 1: 84 eventos.
=== 2026-08-28 23:38:36 - 2026-10-04 - página 1: 84 eventos novos.
=== 2026-08-28 23:38:36 - 2026-10-04: 84 eventos encontrados.
=== 2026-08-28 23:38:36 - Consultando página 1 (2026-10-05 até 2026-10-05) - tentativa 1/3
=== 2026-08-28 23:38:38 - 2026-10-05 - página 1: 84 eventos.
=== 2026-08-28 23:38:38 - 2026-10-05 - página 1: 84 eventos novos.
=== 2026-08-28 23:38:38 - 2026-10-05: 84 eventos encontrados.
=== 2026-08-28 23:38:38 - JSON salvo com sucesso: /home/vboxuser/agenda/agenda_events_by_date.json
=== 2026-08-28 23:38:38 - Dias com eventos: 108
=== 2026-08-28 23:38:38 - Total de eventos: 8625
=== 2026-08-28 23:38:38 - Dias com falha: 0
=== 2026-08-28 23:38:38 - Tempo total: 0:02:36.067063
=== 2026-08-28 23:38:38 - Erro ao marcar TODO como concluído: Traceback (most recent call last):
  File "<string>", line 1, in <module>
    import json, sys; payload=json.load(sys.stdin); from hermes_tools import todo; todo(**payload)
                                                    ^^^^^^^^^^^^^^^^^^^^^^^^^^^^^
ModuleNotFoundError: No module named 'hermes_tools'

=== 2026-08-28 23:38:38 - Notificação Telegram executada.
=== 2026-08-28 23:38:38 - FIM DA EXECUÇÃO
=== 2026-08-28 23:38:38 - ================================================
[2026-08-29 01:55:22] Iniciando pipeline…
[2026-08-29 01:56:01] Iniciando pipeline…
[2026-08-29 01:57:04] Iniciando pipeline…
[2026-08-29 01:57:04] Executando extract_details.py…
Traceback (most recent call last):
  File "/home/vboxuser/agenda/extract_details.py", line 16, in <module>
    import requests
ModuleNotFoundError: No module named 'requests'
[2026-08-29 01:57:04] ERRO na extração. Abortando.
[2026-08-29 01:57:24] Iniciando pipeline…
[2026-08-29 01:57:24] Executando extract_details.py…
Traceback (most recent call last):
  File "/home/vboxuser/agenda/extract_details.py", line 19, in <module>
    import database  # ← persistência
    ^^^^^^^^^^^^^^^
ModuleNotFoundError: No module named 'database'
[2026-08-29 01:57:24] ERRO na extração. Abortando.
[2026-08-29 01:57:32] Iniciando pipeline…
[2026-08-29 01:57:32] Executando extract_details.py…
Traceback (most recent call last):
  File "/home/vboxuser/agenda/extract_details.py", line 19, in <module>
    import database  # ← persistência
    ^^^^^^^^^^^^^^^
ModuleNotFoundError: No module named 'database'
[2026-08-29 01:57:32] ERRO na extração. Abortando.
[2026-08-29 01:57:39] Iniciando pipeline…
[2026-08-29 01:57:39] Executando extract_details.py…
Traceback (most recent call last):
  File "/home/vboxuser/agenda/extract_details.py", line 19, in <module>
    import database  # ← persistência
    ^^^^^^^^^^^^^^^
ModuleNotFoundError: No module named 'database'
[2026-08-29 01:57:39] ERRO na extração. Abortando.
[2026-08-29 02:03:56] Iniciando pipeline…
[2026-08-29 02:03:56] Executando extract_details.py…
[2026-08-29T02:03:56.928202] Iniciando extração: 2026-08-22 → 2026-10-28
[2026-08-29T02:03:56.928263] Buscando página 1 (2026-08-22 → 2026-10-28) …
[2026-08-29T02:03:57.181576] ERRO na requisição: 404 Client Error: Not Found for url: https://mb4.bernoulli.com.br/api/calendario/events?range=week&status=published&grade=12&class=109576&profile=13&school=1846&ignoreAudience=false&sortBy=startDate&sortOrder=asc&startDate=2026-08-22&endDate=2026-10-28&page=1&limit=100
[2026-08-29 02:03:56] ERRO na extração. Abortando.
[2026-08-29 02:04:05] Iniciando pipeline…
[2026-08-29 02:04:05] Executando extract_details.py…
[2026-08-29T02:04:05.407235] Iniciando extração: 2026-08-22 → 2026-10-28
[2026-08-29T02:04:05.407343] Buscando página 1 (2026-08-22 → 2026-10-28) …
[2026-08-29T02:04:06.026430] ERRO na requisição: 404 Client Error: Not Found for url: https://mb4.bernoulli.com.br/api/calendario/events?range=week&status=published&grade=12&class=109576&profile=13&school=1846&ignoreAudience=false&sortBy=startDate&sortOrder=asc&startDate=2026-08-22&endDate=2026-10-28&page=1&limit=100
[2026-08-29 02:04:05] ERRO na extração. Abortando.
[2026-08-29 02:15:20] Iniciando pipeline…
[2026-08-29 02:15:20] Executando extract_details.py…
[2026-08-29T02:15:20.240815] Iniciando extração: 2026-08-22 → 2026-10-28
[2026-08-29T02:15:20.240885] Buscando página 1 (2026-08-22 → 2026-10-28) …
[2026-08-29T02:15:45.208267]   → 84 eventos recebidos (total 84, páginas 1)
[2026-08-29T02:15:45.209426] Total único de eventos: 84
[2026-08-29T02:15:45.239227] Eventos filtrados (já concluídos): 0
[2026-08-29T02:15:45.241308] Agenda salva em 'agenda_events_by_date.json': 51 dias, 84 eventos pendentes.
[2026-08-29 02:15:20] Extração OK.
[2026-08-29 02:15:20] Executando notify_telegram.py…
/home/vboxuser/agenda/notify_telegram.py:50: SyntaxWarning: "\|" is an invalid escape sequence. Such sequences will not work in the future. Did you mean "\\|"? A raw string is also an option.
  f"*🕐 {time_}*  \|  _{ev_type}_",
[2026-08-29T02:16:13.274576] Falha ao enviar: 429 Client Error: Too Many Requests for url: https://api.telegram.org/bot8982897650:AAGaTtKqDQb-3AGzE2Ejrj82hGFGf5y64l0/sendMessage
[2026-08-29T02:16:14.244790] Falha ao enviar: 429 Client Error: Too Many Requests for url: https://api.telegram.org/bot8982897650:AAGaTtKqDQb-3AGzE2Ejrj82hGFGf5y64l0/sendMessage
[2026-08-29T02:16:14.247110] Falha ao enviar evento 3c246ab7-c149-4477-b5be-1034467af49c
[2026-08-29T02:16:15.023815] Falha ao enviar: 429 Client Error: Too Many Requests for url: https://api.telegram.org/bot8982897650:AAGaTtKqDQb-3AGzE2Ejrj82hGFGf5y64l0/sendMessage
[2026-08-29T02:16:15.027195] Falha ao enviar evento 73432599-8ded-42b3-ae7e-a014d253e075
[2026-08-29T02:16:15.813251] Falha ao enviar: 429 Client Error: Too Many Requests for url: https://api.telegram.org/bot8982897650:AAGaTtKqDQb-3AGzE2Ejrj82hGFGf5y64l0/sendMessage
[2026-08-29T02:16:15.815456] Falha ao enviar evento 8d1cbe1c-14c6-4549-9b17-2718fd303f73
[2026-08-29T02:16:16.579458] Falha ao enviar: 429 Client Error: Too Many Requests for url: https://api.telegram.org/bot8982897650:AAGaTtKqDQb-3AGzE2Ejrj82hGFGf5y64l0/sendMessage
[2026-08-29T02:16:16.581386] Falha ao enviar evento 62911f25-4a18-4d32-932a-12970f3f3362
[2026-08-29T02:16:17.551346] Falha ao enviar: 429 Client Error: Too Many Requests for url: https://api.telegram.org/bot8982897650:AAGaTtKqDQb-3AGzE2Ejrj82hGFGf5y64l0/sendMessage
[2026-08-29T02:16:18.319388] Falha ao enviar: 429 Client Error: Too Many Requests for url: https://api.telegram.org/bot8982897650:AAGaTtKqDQb-3AGzE2Ejrj82hGFGf5y64l0/sendMessage
[2026-08-29T02:16:18.320125] Falha ao enviar evento 35ff7640-f391-4449-a1c4-14898df28022
[2026-08-29T02:16:19.296959] Falha ao enviar: 429 Client Error: Too Many Requests for url: https://api.telegram.org/bot8982897650:AAGaTtKqDQb-3AGzE2Ejrj82hGFGf5y64l0/sendMessage
[2026-08-29T02:16:19.297893] Falha ao enviar evento 40d72ae3-911e-4828-8609-6ece694d56b7
[2026-08-29T02:16:20.293851] Falha ao enviar: 429 Client Error: Too Many Requests for url: https://api.telegram.org/bot8982897650:AAGaTtKqDQb-3AGzE2Ejrj82hGFGf5y64l0/sendMessage
[2026-08-29T02:16:21.077627] Falha ao enviar: 429 Client Error: Too Many Requests for url: https://api.telegram.org/bot8982897650:AAGaTtKqDQb-3AGzE2Ejrj82hGFGf5y64l0/sendMessage
[2026-08-29T02:16:21.078437] Falha ao enviar evento ac560f0f-b38d-4495-ba45-8f2b6f072b0b
[2026-08-29T02:16:21.863750] Falha ao enviar: 429 Client Error: Too Many Requests for url: https://api.telegram.org/bot8982897650:AAGaTtKqDQb-3AGzE2Ejrj82hGFGf5y64l0/sendMessage
[2026-08-29T02:16:21.864612] Falha ao enviar evento 7f7cecab-7e10-4e6f-bdbc-79cd94358568
[2026-08-29T02:16:22.632453] Falha ao enviar: 429 Client Error: Too Many Requests for url: https://api.telegram.org/bot8982897650:AAGaTtKqDQb-3AGzE2Ejrj82hGFGf5y64l0/sendMessage
[2026-08-29T02:16:22.633511] Falha ao enviar evento e965bfb7-3321-4959-a6f6-5bb4865c6ad5
[2026-08-29T02:16:23.440100] Falha ao enviar: 429 Client Error: Too Many Requests for url: https://api.telegram.org/bot8982897650:AAGaTtKqDQb-3AGzE2Ejrj82hGFGf5y64l0/sendMessage
[2026-08-29T02:16:24.211609] Falha ao enviar: 429 Client Error: Too Many Requests for url: https://api.telegram.org/bot8982897650:AAGaTtKqDQb-3AGzE2Ejrj82hGFGf5y64l0/sendMessage
[2026-08-29T02:16:24.213092] Falha ao enviar evento a89b0695-b8b7-4112-a6b9-298474c89edd
[2026-08-29T02:16:24.966796] Falha ao enviar: 429 Client Error: Too Many Requests for url: https://api.telegram.org/bot8982897650:AAGaTtKqDQb-3AGzE2Ejrj82hGFGf5y64l0/sendMessage
[2026-08-29T02:16:24.967599] Falha ao enviar evento 5aa022c8-40da-40e1-b487-962b55102dda
[2026-08-29T02:16:25.737190] Falha ao enviar: 429 Client Error: Too Many Requests for url: https://api.telegram.org/bot8982897650:AAGaTtKqDQb-3AGzE2Ejrj82hGFGf5y64l0/sendMessage
[2026-08-29T02:16:25.737850] Falha ao enviar evento eb847a11-a620-4e5d-a1d9-a8c259a88acc
[2026-08-29T02:16:26.703828] Falha ao enviar: 429 Client Error: Too Many Requests for url: https://api.telegram.org/bot8982897650:AAGaTtKqDQb-3AGzE2Ejrj82hGFGf5y64l0/sendMessage
[2026-08-29T02:16:27.475696] Falha ao enviar: 429 Client Error: Too Many Requests for url: https://api.telegram.org/bot8982897650:AAGaTtKqDQb-3AGzE2Ejrj82hGFGf5y64l0/sendMessage
[2026-08-29T02:16:27.477207] Falha ao enviar evento 23643e3d-3573-4423-816f-7731399f76c7
[2026-08-29T02:16:28.455704] Falha ao enviar: 429 Client Error: Too Many Requests for url: https://api.telegram.org/bot8982897650:AAGaTtKqDQb-3AGzE2Ejrj82hGFGf5y64l0/sendMessage
[2026-08-29T02:16:29.316159] Falha ao enviar: 429 Client Error: Too Many Requests for url: https://api.telegram.org/bot8982897650:AAGaTtKqDQb-3AGzE2Ejrj82hGFGf5y64l0/sendMessage
[2026-08-29T02:16:29.317018] Falha ao enviar evento cc6ae779-1636-4cbf-bfec-fadfe5338869
[2026-08-29T02:16:30.300858] Falha ao enviar: 429 Client Error: Too Many Requests for url: https://api.telegram.org/bot8982897650:AAGaTtKqDQb-3AGzE2Ejrj82hGFGf5y64l0/sendMessage
[2026-08-29T02:16:31.067001] Falha ao enviar: 429 Client Error: Too Many Requests for url: https://api.telegram.org/bot8982897650:AAGaTtKqDQb-3AGzE2Ejrj82hGFGf5y64l0/sendMessage
[2026-08-29T02:16:31.068205] Falha ao enviar evento e67febf4-9479-4964-8584-432605a1d822
[2026-08-29T02:16:32.051773] Falha ao enviar: 429 Client Error: Too Many Requests for url: https://api.telegram.org/bot8982897650:AAGaTtKqDQb-3AGzE2Ejrj82hGFGf5y64l0/sendMessage
[2026-08-29T02:16:33.058589] Falha ao enviar: 429 Client Error: Too Many Requests for url: https://api.telegram.org/bot8982897650:AAGaTtKqDQb-3AGzE2Ejrj82hGFGf5y64l0/sendMessage
[2026-08-29T02:16:33.059295] Falha ao enviar evento 55bf0642-2d19-4518-a9cd-e6806ea9c39f
[2026-08-29T02:16:33.814947] Falha ao enviar: 429 Client Error: Too Many Requests for url: https://api.telegram.org/bot8982897650:AAGaTtKqDQb-3AGzE2Ejrj82hGFGf5y64l0/sendMessage
[2026-08-29T02:16:33.815891] Falha ao enviar evento 130c88c6-0662-439b-9405-984615f5c025
[2026-08-29T02:16:34.568082] Falha ao enviar: 429 Client Error: Too Many Requests for url: https://api.telegram.org/bot8982897650:AAGaTtKqDQb-3AGzE2Ejrj82hGFGf5y64l0/sendMessage
[2026-08-29T02:16:34.569103] Falha ao enviar evento cf0f754e-d99f-44ae-a037-2415957bdc47
[2026-08-29T02:16:35.336401] Falha ao enviar: 429 Client Error: Too Many Requests for url: https://api.telegram.org/bot8982897650:AAGaTtKqDQb-3AGzE2Ejrj82hGFGf5y64l0/sendMessage
[2026-08-29T02:16:36.109405] Falha ao enviar: 429 Client Error: Too Many Requests for url: https://api.telegram.org/bot8982897650:AAGaTtKqDQb-3AGzE2Ejrj82hGFGf5y64l0/sendMessage
[2026-08-29T02:16:36.110260] Falha ao enviar evento 68a26bd4-3f46-4290-9148-ddb9c7dae6e4
[2026-08-29T02:16:37.087202] Falha ao enviar: 429 Client Error: Too Many Requests for url: https://api.telegram.org/bot8982897650:AAGaTtKqDQb-3AGzE2Ejrj82hGFGf5y64l0/sendMessage
[2026-08-29T02:16:37.087968] Falha ao enviar evento 5994e667-f4cd-4e2e-af6b-207f799daf1f
[2026-08-29T02:16:37.845098] Falha ao enviar: 429 Client Error: Too Many Requests for url: https://api.telegram.org/bot8982897650:AAGaTtKqDQb-3AGzE2Ejrj82hGFGf5y64l0/sendMessage
[2026-08-29T02:17:10.398662] Falha ao enviar: 400 Client Error: Bad Request for url: https://api.telegram.org/bot8982897650:AAGaTtKqDQb-3AGzE2Ejrj82hGFGf5y64l0/sendMessage
[2026-08-29T02:17:10.400120] Falha ao enviar evento a50a50a7-e8b1-4651-b489-e686f2f32d07
[2026-08-29T02:17:14.418396] Falha ao enviar: 429 Client Error: Too Many Requests for url: https://api.telegram.org/bot8982897650:AAGaTtKqDQb-3AGzE2Ejrj82hGFGf5y64l0/sendMessage
[2026-08-29T02:17:14.419217] Falha ao enviar evento 95639181-3ce2-4403-a7ac-f317ae850cf9
[2026-08-29T02:17:15.188505] Falha ao enviar: 429 Client Error: Too Many Requests for url: https://api.telegram.org/bot8982897650:AAGaTtKqDQb-3AGzE2Ejrj82hGFGf5y64l0/sendMessage
[2026-08-29T02:17:15.952634] Falha ao enviar: 429 Client Error: Too Many Requests for url: https://api.telegram.org/bot8982897650:AAGaTtKqDQb-3AGzE2Ejrj82hGFGf5y64l0/sendMessage
[2026-08-29T02:17:15.953511] Falha ao enviar evento 02941270-97b0-4026-bfd0-6093e87b80b3
[2026-08-29T02:17:16.927565] Falha ao enviar: 429 Client Error: Too Many Requests for url: https://api.telegram.org/bot8982897650:AAGaTtKqDQb-3AGzE2Ejrj82hGFGf5y64l0/sendMessage
[2026-08-29T02:17:16.928466] Falha ao enviar evento c5718dd8-bc51-491e-b920-242c6a1a28de
[2026-08-29T02:17:17.691898] Falha ao enviar: 429 Client Error: Too Many Requests for url: https://api.telegram.org/bot8982897650:AAGaTtKqDQb-3AGzE2Ejrj82hGFGf5y64l0/sendMessage
[2026-08-29T02:17:18.652144] Falha ao enviar: 429 Client Error: Too Many Requests for url: https://api.telegram.org/bot8982897650:AAGaTtKqDQb-3AGzE2Ejrj82hGFGf5y64l0/sendMessage
[2026-08-29T02:17:18.652814] Falha ao enviar evento ca9a6215-4477-47a0-b4c2-61f7f11a65c2
[2026-08-29T02:17:19.414942] Falha ao enviar: 429 Client Error: Too Many Requests for url: https://api.telegram.org/bot8982897650:AAGaTtKqDQb-3AGzE2Ejrj82hGFGf5y64l0/sendMessage
[2026-08-29T02:17:19.415856] Falha ao enviar evento 34a0eb87-760c-4017-81c8-3368f7bb86fd
[2026-08-29T02:17:20.186833] Falha ao enviar: 429 Client Error: Too Many Requests for url: https://api.telegram.org/bot8982897650:AAGaTtKqDQb-3AGzE2Ejrj82hGFGf5y64l0/sendMessage
[2026-08-29T02:17:20.939647] Falha ao enviar: 429 Client Error: Too Many Requests for url: https://api.telegram.org/bot8982897650:AAGaTtKqDQb-3AGzE2Ejrj82hGFGf5y64l0/sendMessage
[2026-08-29T02:17:20.940353] Falha ao enviar evento e7f7add2-839a-417a-b7a0-8f25776df909
[2026-08-29T02:17:21.693079] Falha ao enviar: 429 Client Error: Too Many Requests for url: https://api.telegram.org/bot8982897650:AAGaTtKqDQb-3AGzE2Ejrj82hGFGf5y64l0/sendMessage
[2026-08-29T02:17:21.693966] Falha ao enviar evento 91318652-e1f8-4f4b-ae80-85ce4da9ec96
[2026-08-29T02:17:22.457281] Falha ao enviar: 429 Client Error: Too Many Requests for url: https://api.telegram.org/bot8982897650:AAGaTtKqDQb-3AGzE2Ejrj82hGFGf5y64l0/sendMessage
[2026-08-29T02:17:23.420221] Falha ao enviar: 429 Client Error: Too Many Requests for url: https://api.telegram.org/bot8982897650:AAGaTtKqDQb-3AGzE2Ejrj82hGFGf5y64l0/sendMessage
[2026-08-29T02:17:23.420896] Falha ao enviar evento 86ef8543-c3b2-4da7-857a-05db47998675
[2026-08-29T02:17:24.186367] Falha ao enviar: 429 Client Error: Too Many Requests for url: https://api.telegram.org/bot8982897650:AAGaTtKqDQb-3AGzE2Ejrj82hGFGf5y64l0/sendMessage
[2026-08-29T02:17:24.187178] Falha ao enviar evento bc02281a-ce0a-4e01-a81b-df797ee0ab90
[2026-08-29T02:17:25.039547] Falha ao enviar: 400 Client Error: Bad Request for url: https://api.telegram.org/bot8982897650:AAGaTtKqDQb-3AGzE2Ejrj82hGFGf5y64l0/sendMessage
[2026-08-29T02:17:25.040378] Falha ao enviar evento 871db033-0a0b-47b2-8a56-8915eaa44cbe
[2026-08-29T02:17:26.028233] Falha ao enviar: 429 Client Error: Too Many Requests for url: https://api.telegram.org/bot8982897650:AAGaTtKqDQb-3AGzE2Ejrj82hGFGf5y64l0/sendMessage
[2026-08-29T02:17:26.029227] Falha ao enviar evento 520aa988-400f-4701-a182-3dd47062316e
[2026-08-29T02:17:26.807502] Falha ao enviar: 429 Client Error: Too Many Requests for url: https://api.telegram.org/bot8982897650:AAGaTtKqDQb-3AGzE2Ejrj82hGFGf5y64l0/sendMessage
[2026-08-29T02:17:26.808533] Falha ao enviar evento 58916529-c25b-466c-94ab-0a01624d40ea
[2026-08-29T02:17:27.770856] Falha ao enviar: 429 Client Error: Too Many Requests for url: https://api.telegram.org/bot8982897650:AAGaTtKqDQb-3AGzE2Ejrj82hGFGf5y64l0/sendMessage
[2026-08-29T02:17:28.523945] Falha ao enviar: 429 Client Error: Too Many Requests for url: https://api.telegram.org/bot8982897650:AAGaTtKqDQb-3AGzE2Ejrj82hGFGf5y64l0/sendMessage
[2026-08-29T02:17:28.524945] Falha ao enviar evento 21473b75-346d-4c92-a86d-40ddc8b50d92
[2026-08-29T02:17:29.503960] Falha ao enviar: 429 Client Error: Too Many Requests for url: https://api.telegram.org/bot8982897650:AAGaTtKqDQb-3AGzE2Ejrj82hGFGf5y64l0/sendMessage
[2026-08-29T02:17:30.259043] Falha ao enviar: 429 Client Error: Too Many Requests for url: https://api.telegram.org/bot8982897650:AAGaTtKqDQb-3AGzE2Ejrj82hGFGf5y64l0/sendMessage
[2026-08-29T02:17:30.260209] Falha ao enviar evento 917cf435-b87d-4785-ae41-7dd6f0fedba2
[2026-08-29T02:17:31.023733] Falha ao enviar: 429 Client Error: Too Many Requests for url: https://api.telegram.org/bot8982897650:AAGaTtKqDQb-3AGzE2Ejrj82hGFGf5y64l0/sendMessage
[2026-08-29T02:17:32.000578] Falha ao enviar: 429 Client Error: Too Many Requests for url: https://api.telegram.org/bot8982897650:AAGaTtKqDQb-3AGzE2Ejrj82hGFGf5y64l0/sendMessage
[2026-08-29T02:17:32.001387] Falha ao enviar evento 485165ef-830d-42a6-a772-0d6579c63930
[2026-08-29T02:17:32.762738] Falha ao enviar: 429 Client Error: Too Many Requests for url: https://api.telegram.org/bot8982897650:AAGaTtKqDQb-3AGzE2Ejrj82hGFGf5y64l0/sendMessage
[2026-08-29T02:17:33.731645] Falha ao enviar: 429 Client Error: Too Many Requests for url: https://api.telegram.org/bot8982897650:AAGaTtKqDQb-3AGzE2Ejrj82hGFGf5y64l0/sendMessage
[2026-08-29T02:17:33.732464] Falha ao enviar evento 757af5b3-1641-45f3-8f3a-b7509ca1fbf0
[2026-08-29T02:17:34.708293] Falha ao enviar: 429 Client Error: Too Many Requests for url: https://api.telegram.org/bot8982897650:AAGaTtKqDQb-3AGzE2Ejrj82hGFGf5y64l0/sendMessage
[2026-08-29T02:17:35.683889] Falha ao enviar: 429 Client Error: Too Many Requests for url: https://api.telegram.org/bot8982897650:AAGaTtKqDQb-3AGzE2Ejrj82hGFGf5y64l0/sendMessage
[2026-08-29T02:17:35.684878] Falha ao enviar evento 6838fd39-f0f9-4d27-ab33-2053fff038ee
[2026-08-29T02:17:36.450369] Falha ao enviar: 429 Client Error: Too Many Requests for url: https://api.telegram.org/bot8982897650:AAGaTtKqDQb-3AGzE2Ejrj82hGFGf5y64l0/sendMessage
[2026-08-29T02:17:37.226652] Falha ao enviar: 429 Client Error: Too Many Requests for url: https://api.telegram.org/bot8982897650:AAGaTtKqDQb-3AGzE2Ejrj82hGFGf5y64l0/sendMessage
[2026-08-29T02:17:37.227706] Falha ao enviar evento ec645892-0617-48c8-b0d8-1edf64e246c7
[2026-08-29T02:17:46.327584] Falha ao enviar: 429 Client Error: Too Many Requests for url: https://api.telegram.org/bot8982897650:AAGaTtKqDQb-3AGzE2Ejrj82hGFGf5y64l0/sendMessage
[2026-08-29T02:18:15.949659] Falha ao enviar: 429 Client Error: Too Many Requests for url: https://api.telegram.org/bot8982897650:AAGaTtKqDQb-3AGzE2Ejrj82hGFGf5y64l0/sendMessage
[2026-08-29T02:18:15.951640] Falha ao enviar evento 4fc05299-a7f4-4b01-9447-c24a5671b3e9
[2026-08-29T02:18:16.736457] Falha ao enviar: 429 Client Error: Too Many Requests for url: https://api.telegram.org/bot8982897650:AAGaTtKqDQb-3AGzE2Ejrj82hGFGf5y64l0/sendMessage
[2026-08-29T02:18:17.731434] Falha ao enviar: 429 Client Error: Too Many Requests for url: https://api.telegram.org/bot8982897650:AAGaTtKqDQb-3AGzE2Ejrj82hGFGf5y64l0/sendMessage
[2026-08-29T02:18:17.732458] Falha ao enviar evento 13410889-0d27-4e10-b335-6f3258315c24
[2026-08-29T02:18:18.523464] Falha ao enviar: 429 Client Error: Too Many Requests for url: https://api.telegram.org/bot8982897650:AAGaTtKqDQb-3AGzE2Ejrj82hGFGf5y64l0/sendMessage
[2026-08-29T02:18:18.524594] Falha ao enviar evento b4ef2983-f3c2-4ef4-9b0d-034732665c39
[2026-08-29T02:18:19.532250] Falha ao enviar: 429 Client Error: Too Many Requests for url: https://api.telegram.org/bot8982897650:AAGaTtKqDQb-3AGzE2Ejrj82hGFGf5y64l0/sendMessage
[2026-08-29T02:18:20.497495] Falha ao enviar: 429 Client Error: Too Many Requests for url: https://api.telegram.org/bot8982897650:AAGaTtKqDQb-3AGzE2Ejrj82hGFGf5y64l0/sendMessage
[2026-08-29T02:18:20.498407] Falha ao enviar evento eaa3b306-ce9d-4d69-84cb-bc7a5ae7f9ae
[2026-08-29T02:18:21.492364] Falha ao enviar: 429 Client Error: Too Many Requests for url: https://api.telegram.org/bot8982897650:AAGaTtKqDQb-3AGzE2Ejrj82hGFGf5y64l0/sendMessage
[2026-08-29T02:18:22.271208] Falha ao enviar: 429 Client Error: Too Many Requests for url: https://api.telegram.org/bot8982897650:AAGaTtKqDQb-3AGzE2Ejrj82hGFGf5y64l0/sendMessage
[2026-08-29T02:18:22.272140] Falha ao enviar evento 471cbf46-1e3d-4a45-b862-4395aa612edb
[2026-08-29T02:18:23.240269] Falha ao enviar: 429 Client Error: Too Many Requests for url: https://api.telegram.org/bot8982897650:AAGaTtKqDQb-3AGzE2Ejrj82hGFGf5y64l0/sendMessage
[2026-08-29T02:18:23.241196] Falha ao enviar evento 066a922c-b40a-446b-81da-a2dbccf646ea
[2026-08-29T02:18:24.273552] Falha ao enviar: 429 Client Error: Too Many Requests for url: https://api.telegram.org/bot8982897650:AAGaTtKqDQb-3AGzE2Ejrj82hGFGf5y64l0/sendMessage
[2026-08-29T02:18:25.060609] Falha ao enviar: 429 Client Error: Too Many Requests for url: https://api.telegram.org/bot8982897650:AAGaTtKqDQb-3AGzE2Ejrj82hGFGf5y64l0/sendMessage
[2026-08-29T02:18:25.061478] Falha ao enviar evento aab39fb2-a1b5-41fa-ae51-9ac1a21ca7f2
[2026-08-29T02:18:25.827722] Falha ao enviar: 429 Client Error: Too Many Requests for url: https://api.telegram.org/bot8982897650:AAGaTtKqDQb-3AGzE2Ejrj82hGFGf5y64l0/sendMessage
[2026-08-29T02:18:26.617042] Falha ao enviar: 429 Client Error: Too Many Requests for url: https://api.telegram.org/bot8982897650:AAGaTtKqDQb-3AGzE2Ejrj82hGFGf5y64l0/sendMessage
[2026-08-29T02:18:26.619382] Falha ao enviar evento b305609f-3063-4b9c-b983-90af2b19f045
[2026-08-29T02:18:27.383518] Falha ao enviar: 429 Client Error: Too Many Requests for url: https://api.telegram.org/bot8982897650:AAGaTtKqDQb-3AGzE2Ejrj82hGFGf5y64l0/sendMessage
[2026-08-29T02:18:28.370634] Falha ao enviar: 429 Client Error: Too Many Requests for url: https://api.telegram.org/bot8982897650:AAGaTtKqDQb-3AGzE2Ejrj82hGFGf5y64l0/sendMessage
[2026-08-29T02:18:28.374341] Falha ao enviar evento 585fcb6a-d021-4fcd-9dab-78fe19ba4047
[2026-08-29T02:18:28.374408] Concluído. 51/51 dias, 36 mensagens enviadas.
[2026-08-29 02:15:20] Notificação OK.
[2026-08-29 02:15:20] Pipeline concluído com sucesso.
[2026-08-29 02:30:19] Iniciando pipeline…
[2026-08-29 02:30:19] Executando extract_details.py…
[2026-08-29T02:30:19.838840] Iniciando extração: 2026-08-22 → 2026-10-28
[2026-08-29T02:30:19.838898] Buscando página 1 (2026-08-22 → 2026-10-28) …
[2026-08-29T02:30:33.296452]   → 84 eventos recebidos (total 84, páginas 1)
[2026-08-29T02:30:33.296635] Total único de eventos: 84
[2026-08-29T02:30:33.310865] Eventos filtrados (já concluídos): 0
[2026-08-29T02:30:33.313482] Agenda salva em 'agenda_events_by_date.json': 51 dias, 84 eventos pendentes.
[2026-08-29 02:30:19] Extração OK.
[2026-08-29 02:30:19] Executando notify_telegram.py…
[2026-08-29T02:31:15.429245] Rate limit (429). Aguardando 19s… retry 1/5
[2026-08-29T02:32:17.975808] Rate limit (429). Aguardando 18s… retry 1/5
[2026-08-29T02:32:59.073747] Concluído. 51 mensagem(ns) enviada(s), 0 falha(s). 51 dia(s).
[2026-08-29 02:30:19] Notificação OK.
[2026-08-29 02:30:19] Pipeline concluído com sucesso.
[2026-08-29 02:38:33] Iniciando pipeline…
[2026-08-29 02:38:33] Executando extract_details.py…
[2026-08-29T02:38:33.811508] Iniciando extração: 2026-08-22 → 2026-10-28
[2026-08-29T02:38:33.811572] Buscando página 1 (2026-08-22 → 2026-10-28) …
[2026-08-29T02:38:35.595893]   → 84 eventos (total 84, páginas 1)
[2026-08-29T02:38:35.596067] Total único de eventos da API: 84
[2026-08-29T02:38:35.630721] Eventos concluídos (filtrados): 0
[2026-08-29T02:38:35.630776] Eventos expandidos em entradas de dia: 5796
[2026-08-29T02:38:35.632532]   2026-08-22: 84 evento(s)
[2026-08-29T02:38:35.632570]   2026-08-23: 84 evento(s)
[2026-08-29T02:38:35.632576]   2026-08-24: 84 evento(s)
[2026-08-29T02:38:35.632581]   2026-08-25: 84 evento(s)
[2026-08-29T02:38:35.632590]   2026-08-26: 84 evento(s)
[2026-08-29T02:38:35.632596]   2026-08-27: 84 evento(s)
[2026-08-29T02:38:35.632605]   2026-08-28: 84 evento(s)
[2026-08-29T02:38:35.632611]   2026-08-29: 84 evento(s)
[2026-08-29T02:38:35.632620]   2026-08-30: 84 evento(s)
[2026-08-29T02:38:35.632625]   2026-08-31: 84 evento(s)
[2026-08-29T02:38:35.632629]   2026-09-01: 84 evento(s)
[2026-08-29T02:38:35.632633]   2026-09-02: 84 evento(s)
[2026-08-29T02:38:35.632637]   2026-09-03: 84 evento(s)
[2026-08-29T02:38:35.632641]   2026-09-04: 84 evento(s)
[2026-08-29T02:38:35.632645]   2026-09-05: 84 evento(s)
[2026-08-29T02:38:35.632649]   2026-09-06: 84 evento(s)
[2026-08-29T02:38:35.632652]   2026-09-07: 84 evento(s)
[2026-08-29T02:38:35.632657]   2026-09-08: 84 evento(s)
[2026-08-29T02:38:35.632660]   2026-09-09: 84 evento(s)
[2026-08-29T02:38:35.632664]   2026-09-10: 84 evento(s)
[2026-08-29T02:38:35.632668]   2026-09-11: 84 evento(s)
[2026-08-29T02:38:35.632675]   2026-09-12: 84 evento(s)
[2026-08-29T02:38:35.632699]   2026-09-13: 84 evento(s)
[2026-08-29T02:38:35.632707]   2026-09-14: 84 evento(s)
[2026-08-29T02:38:35.632711]   2026-09-15: 84 evento(s)
[2026-08-29T02:38:35.632718]   2026-09-16: 84 evento(s)
[2026-08-29T02:38:35.632722]   2026-09-17: 84 evento(s)
[2026-08-29T02:38:35.632728]   2026-09-18: 84 evento(s)
[2026-08-29T02:38:35.632733]   2026-09-19: 84 evento(s)
[2026-08-29T02:38:35.632739]   2026-09-20: 84 evento(s)
[2026-08-29T02:38:35.632743]   2026-09-21: 84 evento(s)
[2026-08-29T02:38:35.632749]   2026-09-22: 84 evento(s)
[2026-08-29T02:38:35.632754]   2026-09-23: 84 evento(s)
[2026-08-29T02:38:35.632760]   2026-09-24: 84 evento(s)
[2026-08-29T02:38:35.632764]   2026-09-25: 84 evento(s)
[2026-08-29T02:38:35.632769]   2026-09-26: 84 evento(s)
[2026-08-29T02:38:35.632773]   2026-09-27: 84 evento(s)
[2026-08-29T02:38:35.632779]   2026-09-28: 84 evento(s)
[2026-08-29T02:38:35.632783]   2026-09-29: 84 evento(s)
[2026-08-29T02:38:35.632787]   2026-09-30: 84 evento(s)
[2026-08-29T02:38:35.632793]   2026-10-01: 84 evento(s)
[2026-08-29T02:38:35.632798]   2026-10-02: 84 evento(s)
[2026-08-29T02:38:35.632804]   2026-10-03: 84 evento(s)
[2026-08-29T02:38:35.632809]   2026-10-04: 84 evento(s)
[2026-08-29T02:38:35.632815]   2026-10-05: 84 evento(s)
[2026-08-29T02:38:35.632819]   2026-10-06: 84 evento(s)
[2026-08-29T02:38:35.632824]   2026-10-07: 84 evento(s)
[2026-08-29T02:38:35.632828]   2026-10-08: 84 evento(s)
[2026-08-29T02:38:35.632833]   2026-10-09: 84 evento(s)
[2026-08-29T02:38:35.632837]   2026-10-10: 84 evento(s)
[2026-08-29T02:38:35.632842]   2026-10-11: 84 evento(s)
[2026-08-29T02:38:35.632849]   2026-10-12: 84 evento(s)
[2026-08-29T02:38:35.632853]   2026-10-13: 84 evento(s)
[2026-08-29T02:38:35.632857]   2026-10-14: 84 evento(s)
[2026-08-29T02:38:35.632861]   2026-10-15: 84 evento(s)
[2026-08-29T02:38:35.632864]   2026-10-16: 84 evento(s)
[2026-08-29T02:38:35.632870]   2026-10-17: 84 evento(s)
[2026-08-29T02:38:35.632875]   2026-10-18: 84 evento(s)
[2026-08-29T02:38:35.632879]   2026-10-19: 84 evento(s)
[2026-08-29T02:38:35.632883]   2026-10-20: 84 evento(s)
[2026-08-29T02:38:35.632886]   2026-10-21: 84 evento(s)
[2026-08-29T02:38:35.632890]   2026-10-22: 84 evento(s)
[2026-08-29T02:38:35.632896]   2026-10-23: 84 evento(s)
[2026-08-29T02:38:35.632914]   2026-10-24: 84 evento(s)
[2026-08-29T02:38:35.632918]   2026-10-25: 84 evento(s)
[2026-08-29T02:38:35.632923]   2026-10-26: 84 evento(s)
[2026-08-29T02:38:35.632926]   2026-10-27: 84 evento(s)
[2026-08-29T02:38:35.632932]   2026-10-28: 84 evento(s)
[2026-08-29T02:38:35.632935]   2026-10-29: 84 evento(s)
[2026-08-29T02:38:35.673091] Agenda salva: 69 dias, 5796 eventos pendentes.
[2026-08-29 02:38:33] Extração OK.
[2026-08-29 02:38:33] Executando notify_telegram.py…
[2026-08-29T02:39:14.990631] Rate limit (429). Aguardando 22s… retry 1/5
[2026-08-29T02:40:15.130945] Rate limit (429). Aguardando 23s… retry 1/5
[2026-08-29T02:41:17.548527] Rate limit (429). Aguardando 21s… retry 1/5
[2026-08-29T02:42:16.371128] Rate limit (429). Aguardando 23s… retry 1/5
[2026-08-29T02:43:17.975278] Rate limit (429). Aguardando 23s… retry 1/5
[2026-08-29T02:44:20.704929] Rate limit (429). Aguardando 21s… retry 1/5
[2026-08-29T02:45:20.424884] Rate limit (429). Aguardando 22s… retry 1/5
[2026-08-29T02:46:20.282485] Rate limit (429). Aguardando 23s… retry 1/5
[2026-08-29T02:47:21.547640] Rate limit (429). Aguardando 22s… retry 1/5
[2026-08-29T02:48:22.084258] Rate limit (429). Aguardando 23s… retry 1/5
[2026-08-29T02:49:23.638931] Rate limit (429). Aguardando 22s… retry 1/5
[2026-08-29T02:50:24.578095] Rate limit (429). Aguardando 22s… retry 1/5
[2026-08-29T02:51:24.888926] Rate limit (429). Aguardando 23s… retry 1/5
[2026-08-29T02:52:26.254904] Rate limit (429). Aguardando 22s… retry 1/5
[2026-08-29T02:53:25.862107] Rate limit (429). Aguardando 23s… retry 1/5
[2026-08-29T02:54:27.495876] Rate limit (429). Aguardando 22s… retry 1/5
[2026-08-29T02:55:28.783878] Rate limit (429). Aguardando 22s… retry 1/5
[2026-08-29T02:56:29.522554] Rate limit (429). Aguardando 22s… retry 1/5
[2026-08-29T02:57:30.224128] Rate limit (429). Aguardando 22s… retry 1/5
[2026-08-29T02:58:30.294590] Rate limit (429). Aguardando 22s… retry 1/5
[2026-08-29T02:59:31.346481] Rate limit (429). Aguardando 21s… retry 1/5
[2026-08-29T03:00:31.538979] Rate limit (429). Aguardando 22s… retry 1/5
[2026-08-29T03:01:31.661473] Rate limit (429). Aguardando 23s… retry 1/5
[2026-08-29T03:02:33.626994] Rate limit (429). Aguardando 22s… retry 1/5
[2026-08-29T03:03:34.134028] Rate limit (429). Aguardando 23s… retry 1/5
[2026-08-29T03:04:36.157721] Rate limit (429). Aguardando 22s… retry 1/5
[2026-08-29T03:05:37.112164] Rate limit (429). Aguardando 23s… retry 1/5
[2026-08-29T03:06:38.377081] Rate limit (429). Aguardando 22s… retry 1/5
[2026-08-29T03:07:39.398183] Rate limit (429). Aguardando 21s… retry 1/5
[2026-08-29T03:08:38.926513] Rate limit (429). Aguardando 23s… retry 1/5
[2026-08-29T03:09:40.408466] Rate limit (429). Aguardando 22s… retry 1/5
[2026-08-29T03:10:40.758018] Rate limit (429). Aguardando 23s… retry 1/5
[2026-08-29T03:11:43.741162] Rate limit (429). Aguardando 21s… retry 1/5
[2026-08-29T03:12:44.274152] Rate limit (429). Aguardando 21s… retry 1/5
[2026-08-29T03:13:24.500254] Concluído. 621 mensagem(ns) enviada(s), 0 falha(s). 69 dia(s).
[2026-08-29 02:38:33] Notificação OK.
[2026-08-29 02:38:33] Pipeline concluído com sucesso.
=== $(date '+%Y-%m-%d %H:%M:%S') - Starting agenda extraction ===
[2026-08-29T06:00:06.883507] Iniciando extração: 2026-08-22 → 2026-10-28
[2026-08-29T06:00:06.883744] Buscando página 1 (2026-08-22 → 2026-10-28) …
[2026-08-29T06:00:08.938428]   → 84 eventos (total 84, páginas 1)
[2026-08-29T06:00:08.938628] Total único de eventos da API: 84
[2026-08-29T06:00:08.978073] Eventos concluídos (filtrados): 0
[2026-08-29T06:00:08.978183] Eventos expandidos em entradas de dia: 5796
[2026-08-29T06:00:08.979986]   2026-08-22: 84 evento(s)
[2026-08-29T06:00:08.980047]   2026-08-23: 84 evento(s)
[2026-08-29T06:00:08.980059]   2026-08-24: 84 evento(s)
[2026-08-29T06:00:08.980069]   2026-08-25: 84 evento(s)
[2026-08-29T06:00:08.980079]   2026-08-26: 84 evento(s)
[2026-08-29T06:00:08.980088]   2026-08-27: 84 evento(s)
[2026-08-29T06:00:08.980112]   2026-08-28: 84 evento(s)
[2026-08-29T06:00:08.980122]   2026-08-29: 84 evento(s)
[2026-08-29T06:00:08.980130]   2026-08-30: 84 evento(s)
[2026-08-29T06:00:08.980138]   2026-08-31: 84 evento(s)
[2026-08-29T06:00:08.980147]   2026-09-01: 84 evento(s)
[2026-08-29T06:00:08.980154]   2026-09-02: 84 evento(s)
[2026-08-29T06:00:08.980163]   2026-09-03: 84 evento(s)
[2026-08-29T06:00:08.980177]   2026-09-04: 84 evento(s)
[2026-08-29T06:00:08.980187]   2026-09-05: 84 evento(s)
[2026-08-29T06:00:08.980196]   2026-09-06: 84 evento(s)
[2026-08-29T06:00:08.980204]   2026-09-07: 84 evento(s)
[2026-08-29T06:00:08.980212]   2026-09-08: 84 evento(s)
[2026-08-29T06:00:08.980221]   2026-09-09: 84 evento(s)
[2026-08-29T06:00:08.980230]   2026-09-10: 84 evento(s)
[2026-08-29T06:00:08.980239]   2026-09-11: 84 evento(s)
[2026-08-29T06:00:08.980246]   2026-09-12: 84 evento(s)
[2026-08-29T06:00:08.980255]   2026-09-13: 84 evento(s)
[2026-08-29T06:00:08.980263]   2026-09-14: 84 evento(s)
[2026-08-29T06:00:08.980276]   2026-09-15: 84 evento(s)
[2026-08-29T06:00:08.980285]   2026-09-16: 84 evento(s)
[2026-08-29T06:00:08.980294]   2026-09-17: 84 evento(s)
[2026-08-29T06:00:08.980302]   2026-09-18: 84 evento(s)
[2026-08-29T06:00:08.980311]   2026-09-19: 84 evento(s)
[2026-08-29T06:00:08.980318]   2026-09-20: 84 evento(s)
[2026-08-29T06:00:08.980327]   2026-09-21: 84 evento(s)
[2026-08-29T06:00:08.980339]   2026-09-22: 84 evento(s)
[2026-08-29T06:00:08.980348]   2026-09-23: 84 evento(s)
[2026-08-29T06:00:08.980356]   2026-09-24: 84 evento(s)
[2026-08-29T06:00:08.980369]   2026-09-25: 84 evento(s)
[2026-08-29T06:00:08.980378]   2026-09-26: 84 evento(s)
[2026-08-29T06:00:08.980386]   2026-09-27: 84 evento(s)
[2026-08-29T06:00:08.980395]   2026-09-28: 84 evento(s)
[2026-08-29T06:00:08.980404]   2026-09-29: 84 evento(s)
[2026-08-29T06:00:08.980413]   2026-09-30: 84 evento(s)
[2026-08-29T06:00:08.980425]   2026-10-01: 84 evento(s)
[2026-08-29T06:00:08.980433]   2026-10-02: 84 evento(s)
[2026-08-29T06:00:08.980442]   2026-10-03: 84 evento(s)
[2026-08-29T06:00:08.980450]   2026-10-04: 84 evento(s)
[2026-08-29T06:00:08.980463]   2026-10-05: 84 evento(s)
[2026-08-29T06:00:08.980472]   2026-10-06: 84 evento(s)
[2026-08-29T06:00:08.980481]   2026-10-07: 84 evento(s)
[2026-08-29T06:00:08.980490]   2026-10-08: 84 evento(s)
[2026-08-29T06:00:08.980498]   2026-10-09: 84 evento(s)
[2026-08-29T06:00:08.980506]   2026-10-10: 84 evento(s)
[2026-08-29T06:00:08.980515]   2026-10-11: 84 evento(s)
[2026-08-29T06:00:08.980524]   2026-10-12: 84 evento(s)
[2026-08-29T06:00:08.980532]   2026-10-13: 84 evento(s)
[2026-08-29T06:00:08.980540]   2026-10-14: 84 evento(s)
[2026-08-29T06:00:08.980552]   2026-10-15: 84 evento(s)
[2026-08-29T06:00:08.980561]   2026-10-16: 84 evento(s)
[2026-08-29T06:00:08.980569]   2026-10-17: 84 evento(s)
[2026-08-29T06:00:08.980577]   2026-10-18: 84 evento(s)
[2026-08-29T06:00:08.980589]   2026-10-19: 84 evento(s)
[2026-08-29T06:00:08.980597]   2026-10-20: 84 evento(s)
[2026-08-29T06:00:08.980605]   2026-10-21: 84 evento(s)
[2026-08-29T06:00:08.980614]   2026-10-22: 84 evento(s)
[2026-08-29T06:00:08.980622]   2026-10-23: 84 evento(s)
[2026-08-29T06:00:08.980631]   2026-10-24: 84 evento(s)
[2026-08-29T06:00:08.980639]   2026-10-25: 84 evento(s)
[2026-08-29T06:00:08.980648]   2026-10-26: 84 evento(s)
[2026-08-29T06:00:08.980659]   2026-10-27: 84 evento(s)
[2026-08-29T06:00:08.980668]   2026-10-28: 84 evento(s)
[2026-08-29T06:00:08.980677]   2026-10-29: 84 evento(s)
[2026-08-29T06:00:09.015841] Agenda salva: 69 dias, 5796 eventos pendentes.
=== $(date '+%Y-%m-%d %H:%M:%S') - Extraction completed successfully ===
=== $(date '+%Y-%m-%d %H:%M:%S') - End of run ===
=== $(date '+%Y-%m-%d %H:%M:%S') - Starting agenda extraction ===
[2026-08-29T12:00:27.487308] Iniciando extração: 2026-08-22 → 2026-10-28
[2026-08-29T12:00:27.487930] Buscando página 1 (2026-08-22 → 2026-10-28) …
[2026-08-29T12:00:29.604423]   → 84 eventos (total 84, páginas 1)
[2026-08-29T12:00:29.604721] Total único de eventos da API: 84
[2026-08-29T12:00:29.694405] Eventos concluídos (filtrados): 0
[2026-08-29T12:00:29.694475] Eventos expandidos em entradas de dia: 5796
[2026-08-29T12:00:29.696207]   2026-08-22: 84 evento(s)
[2026-08-29T12:00:29.696332]   2026-08-23: 84 evento(s)
[2026-08-29T12:00:29.696342]   2026-08-24: 84 evento(s)
[2026-08-29T12:00:29.696345]   2026-08-25: 84 evento(s)
[2026-08-29T12:00:29.696348]   2026-08-26: 84 evento(s)
[2026-08-29T12:00:29.696351]   2026-08-27: 84 evento(s)
[2026-08-29T12:00:29.696354]   2026-08-28: 84 evento(s)
[2026-08-29T12:00:29.696357]   2026-08-29: 84 evento(s)
[2026-08-29T12:00:29.696360]   2026-08-30: 84 evento(s)
[2026-08-29T12:00:29.696363]   2026-08-31: 84 evento(s)
[2026-08-29T12:00:29.696366]   2026-09-01: 84 evento(s)
[2026-08-29T12:00:29.696369]   2026-09-02: 84 evento(s)
[2026-08-29T12:00:29.696372]   2026-09-03: 84 evento(s)
[2026-08-29T12:00:29.696375]   2026-09-04: 84 evento(s)
[2026-08-29T12:00:29.696378]   2026-09-05: 84 evento(s)
[2026-08-29T12:00:29.696381]   2026-09-06: 84 evento(s)
[2026-08-29T12:00:29.696384]   2026-09-07: 84 evento(s)
[2026-08-29T12:00:29.696387]   2026-09-08: 84 evento(s)
[2026-08-29T12:00:29.696390]   2026-09-09: 84 evento(s)
[2026-08-29T12:00:29.696393]   2026-09-10: 84 evento(s)
[2026-08-29T12:00:29.696397]   2026-09-11: 84 evento(s)
[2026-08-29T12:00:29.696399]   2026-09-12: 84 evento(s)
[2026-08-29T12:00:29.696403]   2026-09-13: 84 evento(s)
[2026-08-29T12:00:29.696406]   2026-09-14: 84 evento(s)
[2026-08-29T12:00:29.696409]   2026-09-15: 84 evento(s)
[2026-08-29T12:00:29.696418]   2026-09-16: 84 evento(s)
[2026-08-29T12:00:29.696422]   2026-09-17: 84 evento(s)
[2026-08-29T12:00:29.696425]   2026-09-18: 84 evento(s)
[2026-08-29T12:00:29.696428]   2026-09-19: 84 evento(s)
[2026-08-29T12:00:29.696431]   2026-09-20: 84 evento(s)
[2026-08-29T12:00:29.696435]   2026-09-21: 84 evento(s)
[2026-08-29T12:00:29.696439]   2026-09-22: 84 evento(s)
[2026-08-29T12:00:29.696442]   2026-09-23: 84 evento(s)
[2026-08-29T12:00:29.696446]   2026-09-24: 84 evento(s)
[2026-08-29T12:00:29.696449]   2026-09-25: 84 evento(s)
[2026-08-29T12:00:29.696452]   2026-09-26: 84 evento(s)
[2026-08-29T12:00:29.696456]   2026-09-27: 84 evento(s)
[2026-08-29T12:00:29.696459]   2026-09-28: 84 evento(s)
[2026-08-29T12:00:29.696463]   2026-09-29: 84 evento(s)
[2026-08-29T12:00:29.696466]   2026-09-30: 84 evento(s)
[2026-08-29T12:00:29.696470]   2026-10-01: 84 evento(s)
[2026-08-29T12:00:29.696473]   2026-10-02: 84 evento(s)
[2026-08-29T12:00:29.696482]   2026-10-03: 84 evento(s)
[2026-08-29T12:00:29.696491]   2026-10-04: 84 evento(s)
[2026-08-29T12:00:29.696495]   2026-10-05: 84 evento(s)
[2026-08-29T12:00:29.696498]   2026-10-06: 84 evento(s)
[2026-08-29T12:00:29.696501]   2026-10-07: 84 evento(s)
[2026-08-29T12:00:29.696505]   2026-10-08: 84 evento(s)
[2026-08-29T12:00:29.696508]   2026-10-09: 84 evento(s)
[2026-08-29T12:00:29.696511]   2026-10-10: 84 evento(s)
[2026-08-29T12:00:29.696515]   2026-10-11: 84 evento(s)
[2026-08-29T12:00:29.696518]   2026-10-12: 84 evento(s)
[2026-08-29T12:00:29.696522]   2026-10-13: 84 evento(s)
[2026-08-29T12:00:29.696538]   2026-10-14: 84 evento(s)
[2026-08-29T12:00:29.696542]   2026-10-15: 84 evento(s)
[2026-08-29T12:00:29.696545]   2026-10-16: 84 evento(s)
[2026-08-29T12:00:29.696548]   2026-10-17: 84 evento(s)
[2026-08-29T12:00:29.696551]   2026-10-18: 84 evento(s)
[2026-08-29T12:00:29.696554]   2026-10-19: 84 evento(s)
[2026-08-29T12:00:29.696558]   2026-10-20: 84 evento(s)
[2026-08-29T12:00:29.696561]   2026-10-21: 84 evento(s)
[2026-08-29T12:00:29.696565]   2026-10-22: 84 evento(s)
[2026-08-29T12:00:29.696569]   2026-10-23: 84 evento(s)
[2026-08-29T12:00:29.696572]   2026-10-24: 84 evento(s)
[2026-08-29T12:00:29.696575]   2026-10-25: 84 evento(s)
[2026-08-29T12:00:29.696579]   2026-10-26: 84 evento(s)
[2026-08-29T12:00:29.696582]   2026-10-27: 84 evento(s)
[2026-08-29T12:00:29.696586]   2026-10-28: 84 evento(s)
[2026-08-29T12:00:29.696589]   2026-10-29: 84 evento(s)
[2026-08-29T12:00:29.750896] Agenda salva: 69 dias, 5796 eventos pendentes.
=== $(date '+%Y-%m-%d %H:%M:%S') - Extraction completed successfully ===
=== $(date '+%Y-%m-%d %H:%M:%S') - End of run ===
=== $(date '+%Y-%m-%d %H:%M:%S') - Starting agenda extraction ===
[2026-08-29T18:00:07.657657] Iniciando extração: 2026-08-22 → 2026-10-28
[2026-08-29T18:00:07.657769] Buscando página 1 (2026-08-22 → 2026-10-28) …
[2026-08-29T18:00:09.689839]   → 84 eventos (total 84, páginas 1)
[2026-08-29T18:00:09.690040] Total único de eventos da API: 84
[2026-08-29T18:00:09.727939] Eventos concluídos (filtrados): 0
[2026-08-29T18:00:09.728002] Eventos expandidos em entradas de dia: 5796
[2026-08-29T18:00:09.729897]   2026-08-22: 84 evento(s)
[2026-08-29T18:00:09.729945]   2026-08-23: 84 evento(s)
[2026-08-29T18:00:09.729956]   2026-08-24: 84 evento(s)
[2026-08-29T18:00:09.729964]   2026-08-25: 84 evento(s)
[2026-08-29T18:00:09.729972]   2026-08-26: 84 evento(s)
[2026-08-29T18:00:09.729980]   2026-08-27: 84 evento(s)
[2026-08-29T18:00:09.729987]   2026-08-28: 84 evento(s)
[2026-08-29T18:00:09.729995]   2026-08-29: 84 evento(s)
[2026-08-29T18:00:09.730002]   2026-08-30: 84 evento(s)
[2026-08-29T18:00:09.730009]   2026-08-31: 84 evento(s)
[2026-08-29T18:00:09.730017]   2026-09-01: 84 evento(s)
[2026-08-29T18:00:09.730024]   2026-09-02: 84 evento(s)
[2026-08-29T18:00:09.730031]   2026-09-03: 84 evento(s)
[2026-08-29T18:00:09.730039]   2026-09-04: 84 evento(s)
[2026-08-29T18:00:09.730046]   2026-09-05: 84 evento(s)
[2026-08-29T18:00:09.730053]   2026-09-06: 84 evento(s)
[2026-08-29T18:00:09.730061]   2026-09-07: 84 evento(s)
[2026-08-29T18:00:09.730068]   2026-09-08: 84 evento(s)
[2026-08-29T18:00:09.730075]   2026-09-09: 84 evento(s)
[2026-08-29T18:00:09.730082]   2026-09-10: 84 evento(s)
[2026-08-29T18:00:09.730090]   2026-09-11: 84 evento(s)
[2026-08-29T18:00:09.730097]   2026-09-12: 84 evento(s)
[2026-08-29T18:00:09.730104]   2026-09-13: 84 evento(s)
[2026-08-29T18:00:09.730111]   2026-09-14: 84 evento(s)
[2026-08-29T18:00:09.730119]   2026-09-15: 84 evento(s)
[2026-08-29T18:00:09.730126]   2026-09-16: 84 evento(s)
[2026-08-29T18:00:09.730134]   2026-09-17: 84 evento(s)
[2026-08-29T18:00:09.730141]   2026-09-18: 84 evento(s)
[2026-08-29T18:00:09.730148]   2026-09-19: 84 evento(s)
[2026-08-29T18:00:09.730155]   2026-09-20: 84 evento(s)
[2026-08-29T18:00:09.730163]   2026-09-21: 84 evento(s)
[2026-08-29T18:00:09.730170]   2026-09-22: 84 evento(s)
[2026-08-29T18:00:09.730178]   2026-09-23: 84 evento(s)
[2026-08-29T18:00:09.730185]   2026-09-24: 84 evento(s)
[2026-08-29T18:00:09.730192]   2026-09-25: 84 evento(s)
[2026-08-29T18:00:09.730199]   2026-09-26: 84 evento(s)
[2026-08-29T18:00:09.730207]   2026-09-27: 84 evento(s)
[2026-08-29T18:00:09.730214]   2026-09-28: 84 evento(s)
[2026-08-29T18:00:09.730221]   2026-09-29: 84 evento(s)
[2026-08-29T18:00:09.730229]   2026-09-30: 84 evento(s)
[2026-08-29T18:00:09.730236]   2026-10-01: 84 evento(s)
[2026-08-29T18:00:09.730243]   2026-10-02: 84 evento(s)
[2026-08-29T18:00:09.730258]   2026-10-03: 84 evento(s)
[2026-08-29T18:00:09.730266]   2026-10-04: 84 evento(s)
[2026-08-29T18:00:09.730274]   2026-10-05: 84 evento(s)
[2026-08-29T18:00:09.730283]   2026-10-06: 84 evento(s)
[2026-08-29T18:00:09.730291]   2026-10-07: 84 evento(s)
[2026-08-29T18:00:09.730299]   2026-10-08: 84 evento(s)
[2026-08-29T18:00:09.730308]   2026-10-09: 84 evento(s)
[2026-08-29T18:00:09.730316]   2026-10-10: 84 evento(s)
[2026-08-29T18:00:09.730324]   2026-10-11: 84 evento(s)
[2026-08-29T18:00:09.730332]   2026-10-12: 84 evento(s)
[2026-08-29T18:00:09.730340]   2026-10-13: 84 evento(s)
[2026-08-29T18:00:09.730348]   2026-10-14: 84 evento(s)
[2026-08-29T18:00:09.730356]   2026-10-15: 84 evento(s)
[2026-08-29T18:00:09.730364]   2026-10-16: 84 evento(s)
[2026-08-29T18:00:09.730371]   2026-10-17: 84 evento(s)
[2026-08-29T18:00:09.730378]   2026-10-18: 84 evento(s)
[2026-08-29T18:00:09.730386]   2026-10-19: 84 evento(s)
[2026-08-29T18:00:09.730393]   2026-10-20: 84 evento(s)
[2026-08-29T18:00:09.730401]   2026-10-21: 84 evento(s)
[2026-08-29T18:00:09.730408]   2026-10-22: 84 evento(s)
[2026-08-29T18:00:09.730416]   2026-10-23: 84 evento(s)
[2026-08-29T18:00:09.730440]   2026-10-24: 84 evento(s)
[2026-08-29T18:00:09.730448]   2026-10-25: 84 evento(s)
[2026-08-29T18:00:09.730455]   2026-10-26: 84 evento(s)
[2026-08-29T18:00:09.730463]   2026-10-27: 84 evento(s)
[2026-08-29T18:00:09.730470]   2026-10-28: 84 evento(s)
[2026-08-29T18:00:09.730478]   2026-10-29: 84 evento(s)
[2026-08-29T18:00:09.765367] Agenda salva: 69 dias, 5796 eventos pendentes.
=== $(date '+%Y-%m-%d %H:%M:%S') - Extraction completed successfully ===
=== $(date '+%Y-%m-%d %H:%M:%S') - End of run ===
=== $(date '+%Y-%m-%d %H:%M:%S') - Starting agenda extraction ===
[2026-08-30T06:00:29.293532] Iniciando extração: 2026-08-23 → 2026-10-29
[2026-08-30T06:00:29.293675] Buscando página 1 (2026-08-23 → 2026-10-29) …
[2026-08-30T06:00:31.677178]   → 84 eventos (total 84, páginas 1)
[2026-08-30T06:00:31.677393] Total único de eventos da API: 84
[2026-08-30T06:00:31.714165] Eventos concluídos (filtrados): 0
[2026-08-30T06:00:31.714279] Eventos expandidos em entradas de dia: 5796
[2026-08-30T06:00:31.716101]   2026-08-23: 84 evento(s)
[2026-08-30T06:00:31.716150]   2026-08-24: 84 evento(s)
[2026-08-30T06:00:31.716160]   2026-08-25: 84 evento(s)
[2026-08-30T06:00:31.716168]   2026-08-26: 84 evento(s)
[2026-08-30T06:00:31.716176]   2026-08-27: 84 evento(s)
[2026-08-30T06:00:31.716183]   2026-08-28: 84 evento(s)
[2026-08-30T06:00:31.716191]   2026-08-29: 84 evento(s)
[2026-08-30T06:00:31.716198]   2026-08-30: 84 evento(s)
[2026-08-30T06:00:31.716205]   2026-08-31: 84 evento(s)
[2026-08-30T06:00:31.716212]   2026-09-01: 84 evento(s)
[2026-08-30T06:00:31.716219]   2026-09-02: 84 evento(s)
[2026-08-30T06:00:31.716227]   2026-09-03: 84 evento(s)
[2026-08-30T06:00:31.716234]   2026-09-04: 84 evento(s)
[2026-08-30T06:00:31.716241]   2026-09-05: 84 evento(s)
[2026-08-30T06:00:31.716249]   2026-09-06: 84 evento(s)
[2026-08-30T06:00:31.716256]   2026-09-07: 84 evento(s)
[2026-08-30T06:00:31.716263]   2026-09-08: 84 evento(s)
[2026-08-30T06:00:31.716270]   2026-09-09: 84 evento(s)
[2026-08-30T06:00:31.716277]   2026-09-10: 84 evento(s)
[2026-08-30T06:00:31.716284]   2026-09-11: 84 evento(s)
[2026-08-30T06:00:31.716291]   2026-09-12: 84 evento(s)
[2026-08-30T06:00:31.716299]   2026-09-13: 84 evento(s)
[2026-08-30T06:00:31.716306]   2026-09-14: 84 evento(s)
[2026-08-30T06:00:31.716313]   2026-09-15: 84 evento(s)
[2026-08-30T06:00:31.716320]   2026-09-16: 84 evento(s)
[2026-08-30T06:00:31.716327]   2026-09-17: 84 evento(s)
[2026-08-30T06:00:31.716335]   2026-09-18: 84 evento(s)
[2026-08-30T06:00:31.716342]   2026-09-19: 84 evento(s)
[2026-08-30T06:00:31.716350]   2026-09-20: 84 evento(s)
[2026-08-30T06:00:31.716357]   2026-09-21: 84 evento(s)
[2026-08-30T06:00:31.716364]   2026-09-22: 84 evento(s)
[2026-08-30T06:00:31.716371]   2026-09-23: 84 evento(s)
[2026-08-30T06:00:31.716378]   2026-09-24: 84 evento(s)
[2026-08-30T06:00:31.716385]   2026-09-25: 84 evento(s)
[2026-08-30T06:00:31.716393]   2026-09-26: 84 evento(s)
[2026-08-30T06:00:31.716400]   2026-09-27: 84 evento(s)
[2026-08-30T06:00:31.716407]   2026-09-28: 84 evento(s)
[2026-08-30T06:00:31.716414]   2026-09-29: 84 evento(s)
[2026-08-30T06:00:31.716421]   2026-09-30: 84 evento(s)
[2026-08-30T06:00:31.716428]   2026-10-01: 84 evento(s)
[2026-08-30T06:00:31.716435]   2026-10-02: 84 evento(s)
[2026-08-30T06:00:31.716443]   2026-10-03: 84 evento(s)
[2026-08-30T06:00:31.716450]   2026-10-04: 84 evento(s)
[2026-08-30T06:00:31.716457]   2026-10-05: 84 evento(s)
[2026-08-30T06:00:31.716464]   2026-10-06: 84 evento(s)
[2026-08-30T06:00:31.716471]   2026-10-07: 84 evento(s)
[2026-08-30T06:00:31.716478]   2026-10-08: 84 evento(s)
[2026-08-30T06:00:31.716485]   2026-10-09: 84 evento(s)
[2026-08-30T06:00:31.716492]   2026-10-10: 84 evento(s)
[2026-08-30T06:00:31.716499]   2026-10-11: 84 evento(s)
[2026-08-30T06:00:31.716506]   2026-10-12: 84 evento(s)
[2026-08-30T06:00:31.716514]   2026-10-13: 84 evento(s)
[2026-08-30T06:00:31.716521]   2026-10-14: 84 evento(s)
[2026-08-30T06:00:31.716536]   2026-10-15: 84 evento(s)
[2026-08-30T06:00:31.716546]   2026-10-16: 84 evento(s)
[2026-08-30T06:00:31.716568]   2026-10-17: 84 evento(s)
[2026-08-30T06:00:31.716575]   2026-10-18: 84 evento(s)
[2026-08-30T06:00:31.716584]   2026-10-19: 84 evento(s)
[2026-08-30T06:00:31.716592]   2026-10-20: 84 evento(s)
[2026-08-30T06:00:31.716600]   2026-10-21: 84 evento(s)
[2026-08-30T06:00:31.716607]   2026-10-22: 84 evento(s)
[2026-08-30T06:00:31.716614]   2026-10-23: 84 evento(s)
[2026-08-30T06:00:31.716623]   2026-10-24: 84 evento(s)
[2026-08-30T06:00:31.716631]   2026-10-25: 84 evento(s)
[2026-08-30T06:00:31.716640]   2026-10-26: 84 evento(s)
[2026-08-30T06:00:31.716649]   2026-10-27: 84 evento(s)
[2026-08-30T06:00:31.716656]   2026-10-28: 84 evento(s)
[2026-08-30T06:00:31.716664]   2026-10-29: 84 evento(s)
[2026-08-30T06:00:31.716671]   2026-10-30: 84 evento(s)
[2026-08-30T06:00:31.753626] Agenda salva: 69 dias, 5796 eventos pendentes.
=== $(date '+%Y-%m-%d %H:%M:%S') - Extraction completed successfully ===
=== $(date '+%Y-%m-%d %H:%M:%S') - End of run ===
=== $(date '+%Y-%m-%d %H:%M:%S') - Starting agenda extraction ===
[2026-08-30T12:00:55.858257] Iniciando extração: 2026-08-23 → 2026-10-29
[2026-08-30T12:00:55.858305] Buscando página 1 (2026-08-23 → 2026-10-29) …
[2026-08-30T12:00:58.142407]   → 84 eventos (total 84, páginas 1)
[2026-08-30T12:00:58.142530] Total único de eventos da API: 84
[2026-08-30T12:00:58.176914] Eventos concluídos (filtrados): 0
[2026-08-30T12:00:58.176965] Eventos expandidos em entradas de dia: 5796
[2026-08-30T12:00:58.181592]   2026-08-23: 84 evento(s)
[2026-08-30T12:00:58.181686]   2026-08-24: 84 evento(s)
[2026-08-30T12:00:58.181698]   2026-08-25: 84 evento(s)
[2026-08-30T12:00:58.181704]   2026-08-26: 84 evento(s)
[2026-08-30T12:00:58.181709]   2026-08-27: 84 evento(s)
[2026-08-30T12:00:58.181715]   2026-08-28: 84 evento(s)
[2026-08-30T12:00:58.181722]   2026-08-29: 84 evento(s)
[2026-08-30T12:00:58.181731]   2026-08-30: 84 evento(s)
[2026-08-30T12:00:58.181736]   2026-08-31: 84 evento(s)
[2026-08-30T12:00:58.181741]   2026-09-01: 84 evento(s)
[2026-08-30T12:00:58.181746]   2026-09-02: 84 evento(s)
[2026-08-30T12:00:58.181752]   2026-09-03: 84 evento(s)
[2026-08-30T12:00:58.181764]   2026-09-04: 84 evento(s)
[2026-08-30T12:00:58.181774]   2026-09-05: 84 evento(s)
[2026-08-30T12:00:58.181784]   2026-09-06: 84 evento(s)
[2026-08-30T12:00:58.181795]   2026-09-07: 84 evento(s)
[2026-08-30T12:00:58.181805]   2026-09-08: 84 evento(s)
[2026-08-30T12:00:58.181814]   2026-09-09: 84 evento(s)
[2026-08-30T12:00:58.181824]   2026-09-10: 84 evento(s)
[2026-08-30T12:00:58.181835]   2026-09-11: 84 evento(s)
[2026-08-30T12:00:58.181844]   2026-09-12: 84 evento(s)
[2026-08-30T12:00:58.181853]   2026-09-13: 84 evento(s)
[2026-08-30T12:00:58.181860]   2026-09-14: 84 evento(s)
[2026-08-30T12:00:58.181871]   2026-09-15: 84 evento(s)
[2026-08-30T12:00:58.181883]   2026-09-16: 84 evento(s)
[2026-08-30T12:00:58.181891]   2026-09-17: 84 evento(s)
[2026-08-30T12:00:58.181900]   2026-09-18: 84 evento(s)
[2026-08-30T12:00:58.181908]   2026-09-19: 84 evento(s)
[2026-08-30T12:00:58.181917]   2026-09-20: 84 evento(s)
[2026-08-30T12:00:58.181925]   2026-09-21: 84 evento(s)
[2026-08-30T12:00:58.181934]   2026-09-22: 84 evento(s)
[2026-08-30T12:00:58.181943]   2026-09-23: 84 evento(s)
[2026-08-30T12:00:58.181953]   2026-09-24: 84 evento(s)
[2026-08-30T12:00:58.181959]   2026-09-25: 84 evento(s)
[2026-08-30T12:00:58.181964]   2026-09-26: 84 evento(s)
[2026-08-30T12:00:58.181969]   2026-09-27: 84 evento(s)
[2026-08-30T12:00:58.181974]   2026-09-28: 84 evento(s)
[2026-08-30T12:00:58.181979]   2026-09-29: 84 evento(s)
[2026-08-30T12:00:58.181985]   2026-09-30: 84 evento(s)
[2026-08-30T12:00:58.181991]   2026-10-01: 84 evento(s)
[2026-08-30T12:00:58.181997]   2026-10-02: 84 evento(s)
[2026-08-30T12:00:58.182007]   2026-10-03: 84 evento(s)
[2026-08-30T12:00:58.182017]   2026-10-04: 84 evento(s)
[2026-08-30T12:00:58.182028]   2026-10-05: 84 evento(s)
[2026-08-30T12:00:58.182038]   2026-10-06: 84 evento(s)
[2026-08-30T12:00:58.182049]   2026-10-07: 84 evento(s)
[2026-08-30T12:00:58.182059]   2026-10-08: 84 evento(s)
[2026-08-30T12:00:58.182082]   2026-10-09: 84 evento(s)
[2026-08-30T12:00:58.182093]   2026-10-10: 84 evento(s)
[2026-08-30T12:00:58.182103]   2026-10-11: 84 evento(s)
[2026-08-30T12:00:58.182113]   2026-10-12: 84 evento(s)
[2026-08-30T12:00:58.182123]   2026-10-13: 84 evento(s)
[2026-08-30T12:00:58.182132]   2026-10-14: 84 evento(s)
[2026-08-30T12:00:58.182142]   2026-10-15: 84 evento(s)
[2026-08-30T12:00:58.182156]   2026-10-16: 84 evento(s)
[2026-08-30T12:00:58.182165]   2026-10-17: 84 evento(s)
[2026-08-30T12:00:58.182174]   2026-10-18: 84 evento(s)
[2026-08-30T12:00:58.182183]   2026-10-19: 84 evento(s)
[2026-08-30T12:00:58.182191]   2026-10-20: 84 evento(s)
[2026-08-30T12:00:58.182202]   2026-10-21: 84 evento(s)
[2026-08-30T12:00:58.182209]   2026-10-22: 84 evento(s)
[2026-08-30T12:00:58.182214]   2026-10-23: 84 evento(s)
[2026-08-30T12:00:58.182222]   2026-10-24: 84 evento(s)
[2026-08-30T12:00:58.182232]   2026-10-25: 84 evento(s)
[2026-08-30T12:00:58.182242]   2026-10-26: 84 evento(s)
[2026-08-30T12:00:58.182251]   2026-10-27: 84 evento(s)
[2026-08-30T12:00:58.182260]   2026-10-28: 84 evento(s)
[2026-08-30T12:00:58.182268]   2026-10-29: 84 evento(s)
[2026-08-30T12:00:58.182278]   2026-10-30: 84 evento(s)
[2026-08-30T12:00:58.216833] Agenda salva: 69 dias, 5796 eventos pendentes.
=== $(date '+%Y-%m-%d %H:%M:%S') - Extraction completed successfully ===
=== $(date '+%Y-%m-%d %H:%M:%S') - End of run ===
=== $(date '+%Y-%m-%d %H:%M:%S') - Starting agenda extraction ===
[2026-08-30T18:00:41.451553] Iniciando extração: 2026-08-23 → 2026-10-29
[2026-08-30T18:00:41.451621] Buscando página 1 (2026-08-23 → 2026-10-29) …
[2026-08-30T18:00:43.383251]   → 84 eventos (total 84, páginas 1)
[2026-08-30T18:00:43.383375] Total único de eventos da API: 84
[2026-08-30T18:00:43.445103] Eventos concluídos (filtrados): 0
[2026-08-30T18:00:43.445184] Eventos expandidos em entradas de dia: 5796
[2026-08-30T18:00:43.448273]   2026-08-23: 84 evento(s)
[2026-08-30T18:00:43.448391]   2026-08-24: 84 evento(s)
[2026-08-30T18:00:43.448411]   2026-08-25: 84 evento(s)
[2026-08-30T18:00:43.448425]   2026-08-26: 84 evento(s)
[2026-08-30T18:00:43.448437]   2026-08-27: 84 evento(s)
[2026-08-30T18:00:43.448450]   2026-08-28: 84 evento(s)
[2026-08-30T18:00:43.448461]   2026-08-29: 84 evento(s)
[2026-08-30T18:00:43.448473]   2026-08-30: 84 evento(s)
[2026-08-30T18:00:43.448488]   2026-08-31: 84 evento(s)
[2026-08-30T18:00:43.448500]   2026-09-01: 84 evento(s)
[2026-08-30T18:00:43.448516]   2026-09-02: 84 evento(s)
[2026-08-30T18:00:43.448531]   2026-09-03: 84 evento(s)
[2026-08-30T18:00:43.448543]   2026-09-04: 84 evento(s)
[2026-08-30T18:00:43.448555]   2026-09-05: 84 evento(s)
[2026-08-30T18:00:43.448567]   2026-09-06: 84 evento(s)
[2026-08-30T18:00:43.448580]   2026-09-07: 84 evento(s)
[2026-08-30T18:00:43.448593]   2026-09-08: 84 evento(s)
[2026-08-30T18:00:43.448605]   2026-09-09: 84 evento(s)
[2026-08-30T18:00:43.448616]   2026-09-10: 84 evento(s)
[2026-08-30T18:00:43.448628]   2026-09-11: 84 evento(s)
[2026-08-30T18:00:43.448640]   2026-09-12: 84 evento(s)
[2026-08-30T18:00:43.448651]   2026-09-13: 84 evento(s)
[2026-08-30T18:00:43.448663]   2026-09-14: 84 evento(s)
[2026-08-30T18:00:43.448678]   2026-09-15: 84 evento(s)
[2026-08-30T18:00:43.448691]   2026-09-16: 84 evento(s)
[2026-08-30T18:00:43.448708]   2026-09-17: 84 evento(s)
[2026-08-30T18:00:43.448752]   2026-09-18: 84 evento(s)
[2026-08-30T18:00:43.448775]   2026-09-19: 84 evento(s)
[2026-08-30T18:00:43.448791]   2026-09-20: 84 evento(s)
[2026-08-30T18:00:43.448804]   2026-09-21: 84 evento(s)
[2026-08-30T18:00:43.448817]   2026-09-22: 84 evento(s)
[2026-08-30T18:00:43.448829]   2026-09-23: 84 evento(s)
[2026-08-30T18:00:43.448841]   2026-09-24: 84 evento(s)
[2026-08-30T18:00:43.448853]   2026-09-25: 84 evento(s)
[2026-08-30T18:00:43.448865]   2026-09-26: 84 evento(s)
[2026-08-30T18:00:43.448876]   2026-09-27: 84 evento(s)
[2026-08-30T18:00:43.448888]   2026-09-28: 84 evento(s)
[2026-08-30T18:00:43.448904]   2026-09-29: 84 evento(s)
[2026-08-30T18:00:43.448932]   2026-09-30: 84 evento(s)
[2026-08-30T18:00:43.448944]   2026-10-01: 84 evento(s)
[2026-08-30T18:00:43.448958]   2026-10-02: 84 evento(s)
[2026-08-30T18:00:43.448973]   2026-10-03: 84 evento(s)
[2026-08-30T18:00:43.448985]   2026-10-04: 84 evento(s)
[2026-08-30T18:00:43.448999]   2026-10-05: 84 evento(s)
[2026-08-30T18:00:43.449014]   2026-10-06: 84 evento(s)
[2026-08-30T18:00:43.449025]   2026-10-07: 84 evento(s)
[2026-08-30T18:00:43.449044]   2026-10-08: 84 evento(s)
[2026-08-30T18:00:43.449056]   2026-10-09: 84 evento(s)
[2026-08-30T18:00:43.449067]   2026-10-10: 84 evento(s)
[2026-08-30T18:00:43.449078]   2026-10-11: 84 evento(s)
[2026-08-30T18:00:43.449088]   2026-10-12: 84 evento(s)
[2026-08-30T18:00:43.449100]   2026-10-13: 84 evento(s)
[2026-08-30T18:00:43.449111]   2026-10-14: 84 evento(s)
[2026-08-30T18:00:43.449124]   2026-10-15: 84 evento(s)
[2026-08-30T18:00:43.449136]   2026-10-16: 84 evento(s)
[2026-08-30T18:00:43.449146]   2026-10-17: 84 evento(s)
[2026-08-30T18:00:43.449194]   2026-10-18: 84 evento(s)
[2026-08-30T18:00:43.449212]   2026-10-19: 84 evento(s)
[2026-08-30T18:00:43.449224]   2026-10-20: 84 evento(s)
[2026-08-30T18:00:43.451758]   2026-10-21: 84 evento(s)
[2026-08-30T18:00:43.451817]   2026-10-22: 84 evento(s)
[2026-08-30T18:00:43.451834]   2026-10-23: 84 evento(s)
[2026-08-30T18:00:43.451844]   2026-10-24: 84 evento(s)
[2026-08-30T18:00:43.451858]   2026-10-25: 84 evento(s)
[2026-08-30T18:00:43.451870]   2026-10-26: 84 evento(s)
[2026-08-30T18:00:43.451881]   2026-10-27: 84 evento(s)
[2026-08-30T18:00:43.451892]   2026-10-28: 84 evento(s)
[2026-08-30T18:00:43.451904]   2026-10-29: 84 evento(s)
[2026-08-30T18:00:43.451915]   2026-10-30: 84 evento(s)
[2026-08-30T18:00:43.496702] Agenda salva: 69 dias, 5796 eventos pendentes.
=== $(date '+%Y-%m-%d %H:%M:%S') - Extraction completed successfully ===
=== $(date '+%Y-%m-%d %H:%M:%S') - End of run ===
=== $(date '+%Y-%m-%d %H:%M:%S') - Starting agenda extraction ===
[2026-08-31T06:00:38.132998] Iniciando extração: 2026-08-24 → 2026-10-30
[2026-08-31T06:00:38.133069] Buscando página 1 (2026-08-24 → 2026-10-30) …
[2026-08-31T06:00:40.058953]   → 84 eventos (total 84, páginas 1)
[2026-08-31T06:00:40.059130] Total único de eventos da API: 84
[2026-08-31T06:00:40.092229] Eventos concluídos (filtrados): 0
[2026-08-31T06:00:40.092292] Eventos expandidos em entradas de dia: 5796
[2026-08-31T06:00:40.093947]   2026-08-24: 84 evento(s)
[2026-08-31T06:00:40.093994]   2026-08-25: 84 evento(s)
[2026-08-31T06:00:40.094004]   2026-08-26: 84 evento(s)
[2026-08-31T06:00:40.094012]   2026-08-27: 84 evento(s)
[2026-08-31T06:00:40.094021]   2026-08-28: 84 evento(s)
[2026-08-31T06:00:40.094030]   2026-08-29: 84 evento(s)
[2026-08-31T06:00:40.094038]   2026-08-30: 84 evento(s)
[2026-08-31T06:00:40.094045]   2026-08-31: 84 evento(s)
[2026-08-31T06:00:40.094054]   2026-09-01: 84 evento(s)
[2026-08-31T06:00:40.094062]   2026-09-02: 84 evento(s)
[2026-08-31T06:00:40.094070]   2026-09-03: 84 evento(s)
[2026-08-31T06:00:40.094077]   2026-09-04: 84 evento(s)
[2026-08-31T06:00:40.094085]   2026-09-05: 84 evento(s)
[2026-08-31T06:00:40.094093]   2026-09-06: 84 evento(s)
[2026-08-31T06:00:40.094100]   2026-09-07: 84 evento(s)
[2026-08-31T06:00:40.094108]   2026-09-08: 84 evento(s)
[2026-08-31T06:00:40.094116]   2026-09-09: 84 evento(s)
[2026-08-31T06:00:40.094123]   2026-09-10: 84 evento(s)
[2026-08-31T06:00:40.094131]   2026-09-11: 84 evento(s)
[2026-08-31T06:00:40.094138]   2026-09-12: 84 evento(s)
[2026-08-31T06:00:40.094146]   2026-09-13: 84 evento(s)
[2026-08-31T06:00:40.094154]   2026-09-14: 84 evento(s)
[2026-08-31T06:00:40.094161]   2026-09-15: 84 evento(s)
[2026-08-31T06:00:40.094169]   2026-09-16: 84 evento(s)
[2026-08-31T06:00:40.094177]   2026-09-17: 84 evento(s)
[2026-08-31T06:00:40.094185]   2026-09-18: 84 evento(s)
[2026-08-31T06:00:40.094193]   2026-09-19: 84 evento(s)
[2026-08-31T06:00:40.094201]   2026-09-20: 84 evento(s)
[2026-08-31T06:00:40.094208]   2026-09-21: 84 evento(s)
[2026-08-31T06:00:40.094216]   2026-09-22: 84 evento(s)
[2026-08-31T06:00:40.094238]   2026-09-23: 84 evento(s)
[2026-08-31T06:00:40.094246]   2026-09-24: 84 evento(s)
[2026-08-31T06:00:40.094253]   2026-09-25: 84 evento(s)
[2026-08-31T06:00:40.094261]   2026-09-26: 84 evento(s)
[2026-08-31T06:00:40.094269]   2026-09-27: 84 evento(s)
[2026-08-31T06:00:40.094276]   2026-09-28: 84 evento(s)
[2026-08-31T06:00:40.094284]   2026-09-29: 84 evento(s)
[2026-08-31T06:00:40.094291]   2026-09-30: 84 evento(s)
[2026-08-31T06:00:40.094298]   2026-10-01: 84 evento(s)
[2026-08-31T06:00:40.094306]   2026-10-02: 84 evento(s)
[2026-08-31T06:00:40.094313]   2026-10-03: 84 evento(s)
[2026-08-31T06:00:40.094321]   2026-10-04: 84 evento(s)
[2026-08-31T06:00:40.094329]   2026-10-05: 84 evento(s)
[2026-08-31T06:00:40.094336]   2026-10-06: 84 evento(s)
[2026-08-31T06:00:40.094344]   2026-10-07: 84 evento(s)
[2026-08-31T06:00:40.094351]   2026-10-08: 84 evento(s)
[2026-08-31T06:00:40.094359]   2026-10-09: 84 evento(s)
[2026-08-31T06:00:40.094366]   2026-10-10: 84 evento(s)
[2026-08-31T06:00:40.094374]   2026-10-11: 84 evento(s)
[2026-08-31T06:00:40.094381]   2026-10-12: 84 evento(s)
[2026-08-31T06:00:40.094389]   2026-10-13: 84 evento(s)
[2026-08-31T06:00:40.094397]   2026-10-14: 84 evento(s)
[2026-08-31T06:00:40.094404]   2026-10-15: 84 evento(s)
[2026-08-31T06:00:40.094411]   2026-10-16: 84 evento(s)
[2026-08-31T06:00:40.094418]   2026-10-17: 84 evento(s)
[2026-08-31T06:00:40.094426]   2026-10-18: 84 evento(s)
[2026-08-31T06:00:40.094433]   2026-10-19: 84 evento(s)
[2026-08-31T06:00:40.094441]   2026-10-20: 84 evento(s)
[2026-08-31T06:00:40.094448]   2026-10-21: 84 evento(s)
[2026-08-31T06:00:40.094456]   2026-10-22: 84 evento(s)
[2026-08-31T06:00:40.094464]   2026-10-23: 84 evento(s)
[2026-08-31T06:00:40.094471]   2026-10-24: 84 evento(s)
[2026-08-31T06:00:40.094479]   2026-10-25: 84 evento(s)
[2026-08-31T06:00:40.094486]   2026-10-26: 84 evento(s)
[2026-08-31T06:00:40.094493]   2026-10-27: 84 evento(s)
[2026-08-31T06:00:40.094501]   2026-10-28: 84 evento(s)
[2026-08-31T06:00:40.094509]   2026-10-29: 84 evento(s)
[2026-08-31T06:00:40.094516]   2026-10-30: 84 evento(s)
[2026-08-31T06:00:40.094524]   2026-10-31: 84 evento(s)
[2026-08-31T06:00:40.128658] Agenda salva: 69 dias, 5796 eventos pendentes.
=== $(date '+%Y-%m-%d %H:%M:%S') - Extraction completed successfully ===
=== $(date '+%Y-%m-%d %H:%M:%S') - End of run ===
=== $(date '+%Y-%m-%d %H:%M:%S') - Starting agenda extraction ===
[2026-09-01T09:07:38.056380] Iniciando extração: 2026-08-25 → 2026-10-31
[2026-09-01T09:07:38.056409] Buscando página 1 (2026-08-25 → 2026-10-31) …
[2026-09-01T09:07:40.231740]   → 84 eventos (total 84, páginas 1)
[2026-09-01T09:07:40.231875] Total único de eventos da API: 84
[2026-09-01T09:07:40.273412] Eventos concluídos (filtrados): 0
[2026-09-01T09:07:40.273449] Eventos expandidos em entradas de dia: 5796
[2026-09-01T09:07:40.275054]   2026-08-25: 84 evento(s)
[2026-09-01T09:07:40.275072]   2026-08-26: 84 evento(s)
[2026-09-01T09:07:40.275076]   2026-08-27: 84 evento(s)
[2026-09-01T09:07:40.275078]   2026-08-28: 84 evento(s)
[2026-09-01T09:07:40.275081]   2026-08-29: 84 evento(s)
[2026-09-01T09:07:40.275083]   2026-08-30: 84 evento(s)
[2026-09-01T09:07:40.275086]   2026-08-31: 84 evento(s)
[2026-09-01T09:07:40.275088]   2026-09-01: 84 evento(s)
[2026-09-01T09:07:40.275090]   2026-09-02: 84 evento(s)
[2026-09-01T09:07:40.275093]   2026-09-03: 84 evento(s)
[2026-09-01T09:07:40.275095]   2026-09-04: 84 evento(s)
[2026-09-01T09:07:40.275099]   2026-09-05: 84 evento(s)
[2026-09-01T09:07:40.275102]   2026-09-06: 84 evento(s)
[2026-09-01T09:07:40.275104]   2026-09-07: 84 evento(s)
[2026-09-01T09:07:40.275106]   2026-09-08: 84 evento(s)
[2026-09-01T09:07:40.275109]   2026-09-09: 84 evento(s)
[2026-09-01T09:07:40.275111]   2026-09-10: 84 evento(s)
[2026-09-01T09:07:40.275113]   2026-09-11: 84 evento(s)
[2026-09-01T09:07:40.275115]   2026-09-12: 84 evento(s)
[2026-09-01T09:07:40.275118]   2026-09-13: 84 evento(s)
[2026-09-01T09:07:40.275120]   2026-09-14: 84 evento(s)
[2026-09-01T09:07:40.275122]   2026-09-15: 84 evento(s)
[2026-09-01T09:07:40.275140]   2026-09-16: 84 evento(s)
[2026-09-01T09:07:40.275142]   2026-09-17: 84 evento(s)
[2026-09-01T09:07:40.275144]   2026-09-18: 84 evento(s)
[2026-09-01T09:07:40.275146]   2026-09-19: 84 evento(s)
[2026-09-01T09:07:40.275148]   2026-09-20: 84 evento(s)
[2026-09-01T09:07:40.275150]   2026-09-21: 84 evento(s)
[2026-09-01T09:07:40.275152]   2026-09-22: 84 evento(s)
[2026-09-01T09:07:40.275154]   2026-09-23: 84 evento(s)
[2026-09-01T09:07:40.275156]   2026-09-24: 84 evento(s)
[2026-09-01T09:07:40.275158]   2026-09-25: 84 evento(s)
[2026-09-01T09:07:40.275161]   2026-09-26: 84 evento(s)
[2026-09-01T09:07:40.275164]   2026-09-27: 84 evento(s)
[2026-09-01T09:07:40.275166]   2026-09-28: 84 evento(s)
[2026-09-01T09:07:40.275167]   2026-09-29: 84 evento(s)
[2026-09-01T09:07:40.275169]   2026-09-30: 84 evento(s)
[2026-09-01T09:07:40.275171]   2026-10-01: 84 evento(s)
[2026-09-01T09:07:40.275173]   2026-10-02: 84 evento(s)
[2026-09-01T09:07:40.275175]   2026-10-03: 84 evento(s)
[2026-09-01T09:07:40.275177]   2026-10-04: 84 evento(s)
[2026-09-01T09:07:40.275179]   2026-10-05: 84 evento(s)
[2026-09-01T09:07:40.275181]   2026-10-06: 84 evento(s)
[2026-09-01T09:07:40.275183]   2026-10-07: 84 evento(s)
[2026-09-01T09:07:40.275185]   2026-10-08: 84 evento(s)
[2026-09-01T09:07:40.275187]   2026-10-09: 84 evento(s)
[2026-09-01T09:07:40.275188]   2026-10-10: 84 evento(s)
[2026-09-01T09:07:40.275190]   2026-10-11: 84 evento(s)
[2026-09-01T09:07:40.275194]   2026-10-12: 84 evento(s)
[2026-09-01T09:07:40.275196]   2026-10-13: 84 evento(s)
[2026-09-01T09:07:40.275198]   2026-10-14: 84 evento(s)
[2026-09-01T09:07:40.275200]   2026-10-15: 84 evento(s)
[2026-09-01T09:07:40.275202]   2026-10-16: 84 evento(s)
[2026-09-01T09:07:40.275204]   2026-10-17: 84 evento(s)
[2026-09-01T09:07:40.275206]   2026-10-18: 84 evento(s)
[2026-09-01T09:07:40.275208]   2026-10-19: 84 evento(s)
[2026-09-01T09:07:40.275210]   2026-10-20: 84 evento(s)
[2026-09-01T09:07:40.275212]   2026-10-21: 84 evento(s)
[2026-09-01T09:07:40.275214]   2026-10-22: 84 evento(s)
[2026-09-01T09:07:40.275216]   2026-10-23: 84 evento(s)
[2026-09-01T09:07:40.275217]   2026-10-24: 84 evento(s)
[2026-09-01T09:07:40.275219]   2026-10-25: 84 evento(s)
[2026-09-01T09:07:40.275221]   2026-10-26: 84 evento(s)
[2026-09-01T09:07:40.275225]   2026-10-27: 84 evento(s)
[2026-09-01T09:07:40.275227]   2026-10-28: 84 evento(s)
[2026-09-01T09:07:40.275229]   2026-10-29: 84 evento(s)
[2026-09-01T09:07:40.275231]   2026-10-30: 84 evento(s)
[2026-09-01T09:07:40.275233]   2026-10-31: 84 evento(s)
[2026-09-01T09:07:40.275235]   2026-11-01: 84 evento(s)
[2026-09-01T09:07:40.314567] Agenda salva: 69 dias, 5796 eventos pendentes.
=== $(date '+%Y-%m-%d %H:%M:%S') - Extraction completed successfully ===
=== $(date '+%Y-%m-%d %H:%M:%S') - End of run ===
=== $(date '+%Y-%m-%d %H:%M:%S') - Starting agenda extraction ===
[2026-09-01T12:00:41.809263] Iniciando extração: 2026-08-25 → 2026-10-31
[2026-09-01T12:00:41.809749] Buscando página 1 (2026-08-25 → 2026-10-31) …
[2026-09-01T12:00:44.474114]   → 85 eventos (total 85, páginas 1)
[2026-09-01T12:00:44.474487] Total único de eventos da API: 85
[2026-09-01T12:00:44.511248] Eventos concluídos (filtrados): 0
[2026-09-01T12:00:44.511359] Eventos expandidos em entradas de dia: 5857
[2026-09-01T12:00:44.513164]   2026-08-25: 84 evento(s)
[2026-09-01T12:00:44.513193]   2026-08-26: 84 evento(s)
[2026-09-01T12:00:44.513198]   2026-08-27: 84 evento(s)
[2026-09-01T12:00:44.513200]   2026-08-28: 84 evento(s)
[2026-09-01T12:00:44.513203]   2026-08-29: 84 evento(s)
[2026-09-01T12:00:44.513206]   2026-08-30: 84 evento(s)
[2026-09-01T12:00:44.513208]   2026-08-31: 84 evento(s)
[2026-09-01T12:00:44.513211]   2026-09-01: 85 evento(s)
[2026-09-01T12:00:44.513214]   2026-09-02: 85 evento(s)
[2026-09-01T12:00:44.513217]   2026-09-03: 85 evento(s)
[2026-09-01T12:00:44.513220]   2026-09-04: 85 evento(s)
[2026-09-01T12:00:44.513223]   2026-09-05: 85 evento(s)
[2026-09-01T12:00:44.513225]   2026-09-06: 85 evento(s)
[2026-09-01T12:00:44.513228]   2026-09-07: 85 evento(s)
[2026-09-01T12:00:44.513240]   2026-09-08: 85 evento(s)
[2026-09-01T12:00:44.513243]   2026-09-09: 85 evento(s)
[2026-09-01T12:00:44.513245]   2026-09-10: 85 evento(s)
[2026-09-01T12:00:44.513247]   2026-09-11: 85 evento(s)
[2026-09-01T12:00:44.513250]   2026-09-12: 85 evento(s)
[2026-09-01T12:00:44.513253]   2026-09-13: 85 evento(s)
[2026-09-01T12:00:44.513255]   2026-09-14: 85 evento(s)
[2026-09-01T12:00:44.513257]   2026-09-15: 85 evento(s)
[2026-09-01T12:00:44.513260]   2026-09-16: 85 evento(s)
[2026-09-01T12:00:44.513262]   2026-09-17: 85 evento(s)
[2026-09-01T12:00:44.513264]   2026-09-18: 85 evento(s)
[2026-09-01T12:00:44.513268]   2026-09-19: 85 evento(s)
[2026-09-01T12:00:44.513270]   2026-09-20: 85 evento(s)
[2026-09-01T12:00:44.513273]   2026-09-21: 85 evento(s)
[2026-09-01T12:00:44.513275]   2026-09-22: 85 evento(s)
[2026-09-01T12:00:44.513277]   2026-09-23: 85 evento(s)
[2026-09-01T12:00:44.513280]   2026-09-24: 85 evento(s)
[2026-09-01T12:00:44.513282]   2026-09-25: 85 evento(s)
[2026-09-01T12:00:44.513284]   2026-09-26: 85 evento(s)
[2026-09-01T12:00:44.513287]   2026-09-27: 85 evento(s)
[2026-09-01T12:00:44.513290]   2026-09-28: 85 evento(s)
[2026-09-01T12:00:44.513292]   2026-09-29: 85 evento(s)
[2026-09-01T12:00:44.513295]   2026-09-30: 85 evento(s)
[2026-09-01T12:00:44.513297]   2026-10-01: 85 evento(s)
[2026-09-01T12:00:44.513299]   2026-10-02: 85 evento(s)
[2026-09-01T12:00:44.513302]   2026-10-03: 85 evento(s)
[2026-09-01T12:00:44.513304]   2026-10-04: 85 evento(s)
[2026-09-01T12:00:44.513307]   2026-10-05: 85 evento(s)
[2026-09-01T12:00:44.513309]   2026-10-06: 85 evento(s)
[2026-09-01T12:00:44.513311]   2026-10-07: 85 evento(s)
[2026-09-01T12:00:44.513314]   2026-10-08: 85 evento(s)
[2026-09-01T12:00:44.513316]   2026-10-09: 85 evento(s)
[2026-09-01T12:00:44.513318]   2026-10-10: 85 evento(s)
[2026-09-01T12:00:44.513321]   2026-10-11: 85 evento(s)
[2026-09-01T12:00:44.513323]   2026-10-12: 85 evento(s)
[2026-09-01T12:00:44.513325]   2026-10-13: 85 evento(s)
[2026-09-01T12:00:44.513328]   2026-10-14: 85 evento(s)
[2026-09-01T12:00:44.513331]   2026-10-15: 85 evento(s)
[2026-09-01T12:00:44.513333]   2026-10-16: 85 evento(s)
[2026-09-01T12:00:44.513336]   2026-10-17: 85 evento(s)
[2026-09-01T12:00:44.513338]   2026-10-18: 85 evento(s)
[2026-09-01T12:00:44.513340]   2026-10-19: 85 evento(s)
[2026-09-01T12:00:44.513343]   2026-10-20: 85 evento(s)
[2026-09-01T12:00:44.513345]   2026-10-21: 85 evento(s)
[2026-09-01T12:00:44.513347]   2026-10-22: 85 evento(s)
[2026-09-01T12:00:44.513350]   2026-10-23: 85 evento(s)
[2026-09-01T12:00:44.513352]   2026-10-24: 85 evento(s)
[2026-09-01T12:00:44.513354]   2026-10-25: 85 evento(s)
[2026-09-01T12:00:44.513357]   2026-10-26: 85 evento(s)
[2026-09-01T12:00:44.513359]   2026-10-27: 85 evento(s)
[2026-09-01T12:00:44.513361]   2026-10-28: 85 evento(s)
[2026-09-01T12:00:44.513364]   2026-10-29: 85 evento(s)
[2026-09-01T12:00:44.513366]   2026-10-30: 85 evento(s)
[2026-09-01T12:00:44.513369]   2026-10-31: 85 evento(s)
[2026-09-01T12:00:44.513371]   2026-11-01: 84 evento(s)
[2026-09-01T12:00:44.544032] Agenda salva: 69 dias, 5857 eventos pendentes.
=== $(date '+%Y-%m-%d %H:%M:%S') - Extraction completed successfully ===
=== $(date '+%Y-%m-%d %H:%M:%S') - End of run ===
=== $(date '+%Y-%m-%d %H:%M:%S') - Starting agenda extraction ===
[2026-09-01T18:00:50.330141] Iniciando extração: 2026-08-25 → 2026-10-31
[2026-09-01T18:00:50.330252] Buscando página 1 (2026-08-25 → 2026-10-31) …
[2026-09-01T18:00:52.452628]   → 85 eventos (total 85, páginas 1)
[2026-09-01T18:00:52.453019] Total único de eventos da API: 85
[2026-09-01T18:00:52.491684] Eventos concluídos (filtrados): 0
[2026-09-01T18:00:52.491748] Eventos expandidos em entradas de dia: 5857
[2026-09-01T18:00:52.493431]   2026-08-25: 84 evento(s)
[2026-09-01T18:00:52.493460]   2026-08-26: 84 evento(s)
[2026-09-01T18:00:52.493465]   2026-08-27: 84 evento(s)
[2026-09-01T18:00:52.493468]   2026-08-28: 84 evento(s)
[2026-09-01T18:00:52.493471]   2026-08-29: 84 evento(s)
[2026-09-01T18:00:52.493474]   2026-08-30: 84 evento(s)
[2026-09-01T18:00:52.493486]   2026-08-31: 84 evento(s)
[2026-09-01T18:00:52.493489]   2026-09-01: 85 evento(s)
[2026-09-01T18:00:52.493491]   2026-09-02: 85 evento(s)
[2026-09-01T18:00:52.493493]   2026-09-03: 85 evento(s)
[2026-09-01T18:00:52.493496]   2026-09-04: 85 evento(s)
[2026-09-01T18:00:52.493499]   2026-09-05: 85 evento(s)
[2026-09-01T18:00:52.493502]   2026-09-06: 85 evento(s)
[2026-09-01T18:00:52.493505]   2026-09-07: 85 evento(s)
[2026-09-01T18:00:52.493508]   2026-09-08: 85 evento(s)
[2026-09-01T18:00:52.493510]   2026-09-09: 85 evento(s)
[2026-09-01T18:00:52.493513]   2026-09-10: 85 evento(s)
[2026-09-01T18:00:52.493516]   2026-09-11: 85 evento(s)
[2026-09-01T18:00:52.493518]   2026-09-12: 85 evento(s)
[2026-09-01T18:00:52.493521]   2026-09-13: 85 evento(s)
[2026-09-01T18:00:52.493523]   2026-09-14: 85 evento(s)
[2026-09-01T18:00:52.493526]   2026-09-15: 85 evento(s)
[2026-09-01T18:00:52.493529]   2026-09-16: 85 evento(s)
[2026-09-01T18:00:52.493531]   2026-09-17: 85 evento(s)
[2026-09-01T18:00:52.493534]   2026-09-18: 85 evento(s)
[2026-09-01T18:00:52.493537]   2026-09-19: 85 evento(s)
[2026-09-01T18:00:52.493540]   2026-09-20: 85 evento(s)
[2026-09-01T18:00:52.493542]   2026-09-21: 85 evento(s)
[2026-09-01T18:00:52.493545]   2026-09-22: 85 evento(s)
[2026-09-01T18:00:52.493548]   2026-09-23: 85 evento(s)
[2026-09-01T18:00:52.493551]   2026-09-24: 85 evento(s)
[2026-09-01T18:00:52.493553]   2026-09-25: 85 evento(s)
[2026-09-01T18:00:52.493556]   2026-09-26: 85 evento(s)
[2026-09-01T18:00:52.493559]   2026-09-27: 85 evento(s)
[2026-09-01T18:00:52.493562]   2026-09-28: 85 evento(s)
[2026-09-01T18:00:52.493565]   2026-09-29: 85 evento(s)
[2026-09-01T18:00:52.493567]   2026-09-30: 85 evento(s)
[2026-09-01T18:00:52.493570]   2026-10-01: 85 evento(s)
[2026-09-01T18:00:52.493573]   2026-10-02: 85 evento(s)
[2026-09-01T18:00:52.493576]   2026-10-03: 85 evento(s)
[2026-09-01T18:00:52.493579]   2026-10-04: 85 evento(s)
[2026-09-01T18:00:52.493582]   2026-10-05: 85 evento(s)
[2026-09-01T18:00:52.493584]   2026-10-06: 85 evento(s)
[2026-09-01T18:00:52.493587]   2026-10-07: 85 evento(s)
[2026-09-01T18:00:52.493590]   2026-10-08: 85 evento(s)
[2026-09-01T18:00:52.493593]   2026-10-09: 85 evento(s)
[2026-09-01T18:00:52.493595]   2026-10-10: 85 evento(s)
[2026-09-01T18:00:52.493598]   2026-10-11: 85 evento(s)
[2026-09-01T18:00:52.493601]   2026-10-12: 85 evento(s)
[2026-09-01T18:00:52.493604]   2026-10-13: 85 evento(s)
[2026-09-01T18:00:52.493607]   2026-10-14: 85 evento(s)
[2026-09-01T18:00:52.493610]   2026-10-15: 85 evento(s)
[2026-09-01T18:00:52.493613]   2026-10-16: 85 evento(s)
[2026-09-01T18:00:52.493615]   2026-10-17: 85 evento(s)
[2026-09-01T18:00:52.493618]   2026-10-18: 85 evento(s)
[2026-09-01T18:00:52.493621]   2026-10-19: 85 evento(s)
[2026-09-01T18:00:52.493624]   2026-10-20: 85 evento(s)
[2026-09-01T18:00:52.493626]   2026-10-21: 85 evento(s)
[2026-09-01T18:00:52.493629]   2026-10-22: 85 evento(s)
[2026-09-01T18:00:52.493632]   2026-10-23: 85 evento(s)
[2026-09-01T18:00:52.493635]   2026-10-24: 85 evento(s)
[2026-09-01T18:00:52.493638]   2026-10-25: 85 evento(s)
[2026-09-01T18:00:52.493640]   2026-10-26: 85 evento(s)
[2026-09-01T18:00:52.493643]   2026-10-27: 85 evento(s)
[2026-09-01T18:00:52.493646]   2026-10-28: 85 evento(s)
[2026-09-01T18:00:52.493649]   2026-10-29: 85 evento(s)
[2026-09-01T18:00:52.493652]   2026-10-30: 85 evento(s)
[2026-09-01T18:00:52.493654]   2026-10-31: 85 evento(s)
[2026-09-01T18:00:52.493657]   2026-11-01: 84 evento(s)
[2026-09-01T18:00:52.526940] Agenda salva: 69 dias, 5857 eventos pendentes.
=== $(date '+%Y-%m-%d %H:%M:%S') - Extraction completed successfully ===
=== $(date '+%Y-%m-%d %H:%M:%S') - End of run ===
=== $(date '+%Y-%m-%d %H:%M:%S') - Starting agenda extraction ===
[2026-09-02T06:00:07.714199] Iniciando extração: 2026-08-26 → 2026-11-01
[2026-09-02T06:00:07.714332] Buscando página 1 (2026-08-26 → 2026-11-01) …
[2026-09-02T06:00:09.799181]   → 85 eventos (total 85, páginas 1)
[2026-09-02T06:00:09.799577] Total único de eventos da API: 85
[2026-09-02T06:00:09.835849] Eventos concluídos (filtrados): 0
[2026-09-02T06:00:09.835900] Eventos expandidos em entradas de dia: 5858
[2026-09-02T06:00:09.837522]   2026-08-26: 84 evento(s)
[2026-09-02T06:00:09.837579]   2026-08-27: 84 evento(s)
[2026-09-02T06:00:09.837600]   2026-08-28: 84 evento(s)
[2026-09-02T06:00:09.837613]   2026-08-29: 84 evento(s)
[2026-09-02T06:00:09.837625]   2026-08-30: 84 evento(s)
[2026-09-02T06:00:09.837637]   2026-08-31: 84 evento(s)
[2026-09-02T06:00:09.837648]   2026-09-01: 85 evento(s)
[2026-09-02T06:00:09.837660]   2026-09-02: 85 evento(s)
[2026-09-02T06:00:09.837675]   2026-09-03: 85 evento(s)
[2026-09-02T06:00:09.837691]   2026-09-04: 85 evento(s)
[2026-09-02T06:00:09.837707]   2026-09-05: 85 evento(s)
[2026-09-02T06:00:09.837723]   2026-09-06: 85 evento(s)
[2026-09-02T06:00:09.837739]   2026-09-07: 85 evento(s)
[2026-09-02T06:00:09.837755]   2026-09-08: 85 evento(s)
[2026-09-02T06:00:09.837771]   2026-09-09: 85 evento(s)
[2026-09-02T06:00:09.837787]   2026-09-10: 85 evento(s)
[2026-09-02T06:00:09.837803]   2026-09-11: 85 evento(s)
[2026-09-02T06:00:09.837818]   2026-09-12: 85 evento(s)
[2026-09-02T06:00:09.837835]   2026-09-13: 85 evento(s)
[2026-09-02T06:00:09.837854]   2026-09-14: 85 evento(s)
[2026-09-02T06:00:09.837868]   2026-09-15: 85 evento(s)
[2026-09-02T06:00:09.837872]   2026-09-16: 85 evento(s)
[2026-09-02T06:00:09.837875]   2026-09-17: 85 evento(s)
[2026-09-02T06:00:09.837877]   2026-09-18: 85 evento(s)
[2026-09-02T06:00:09.837879]   2026-09-19: 85 evento(s)
[2026-09-02T06:00:09.837882]   2026-09-20: 85 evento(s)
[2026-09-02T06:00:09.837884]   2026-09-21: 85 evento(s)
[2026-09-02T06:00:09.837887]   2026-09-22: 85 evento(s)
[2026-09-02T06:00:09.837889]   2026-09-23: 85 evento(s)
[2026-09-02T06:00:09.837892]   2026-09-24: 85 evento(s)
[2026-09-02T06:00:09.837894]   2026-09-25: 85 evento(s)
[2026-09-02T06:00:09.837897]   2026-09-26: 85 evento(s)
[2026-09-02T06:00:09.837899]   2026-09-27: 85 evento(s)
[2026-09-02T06:00:09.837902]   2026-09-28: 85 evento(s)
[2026-09-02T06:00:09.837904]   2026-09-29: 85 evento(s)
[2026-09-02T06:00:09.837907]   2026-09-30: 85 evento(s)
[2026-09-02T06:00:09.837909]   2026-10-01: 85 evento(s)
[2026-09-02T06:00:09.837912]   2026-10-02: 85 evento(s)
[2026-09-02T06:00:09.837914]   2026-10-03: 85 evento(s)
[2026-09-02T06:00:09.837917]   2026-10-04: 85 evento(s)
[2026-09-02T06:00:09.837919]   2026-10-05: 85 evento(s)
[2026-09-02T06:00:09.837922]   2026-10-06: 85 evento(s)
[2026-09-02T06:00:09.837924]   2026-10-07: 85 evento(s)
[2026-09-02T06:00:09.837926]   2026-10-08: 85 evento(s)
[2026-09-02T06:00:09.837929]   2026-10-09: 85 evento(s)
[2026-09-02T06:00:09.837931]   2026-10-10: 85 evento(s)
[2026-09-02T06:00:09.837934]   2026-10-11: 85 evento(s)
[2026-09-02T06:00:09.837936]   2026-10-12: 85 evento(s)
[2026-09-02T06:00:09.837939]   2026-10-13: 85 evento(s)
[2026-09-02T06:00:09.837941]   2026-10-14: 85 evento(s)
[2026-09-02T06:00:09.837944]   2026-10-15: 85 evento(s)
[2026-09-02T06:00:09.837946]   2026-10-16: 85 evento(s)
[2026-09-02T06:00:09.837949]   2026-10-17: 85 evento(s)
[2026-09-02T06:00:09.837951]   2026-10-18: 85 evento(s)
[2026-09-02T06:00:09.837954]   2026-10-19: 85 evento(s)
[2026-09-02T06:00:09.837956]   2026-10-20: 85 evento(s)
[2026-09-02T06:00:09.837959]   2026-10-21: 85 evento(s)
[2026-09-02T06:00:09.837961]   2026-10-22: 85 evento(s)
[2026-09-02T06:00:09.837964]   2026-10-23: 85 evento(s)
[2026-09-02T06:00:09.837967]   2026-10-24: 85 evento(s)
[2026-09-02T06:00:09.837969]   2026-10-25: 85 evento(s)
[2026-09-02T06:00:09.837972]   2026-10-26: 85 evento(s)
[2026-09-02T06:00:09.837974]   2026-10-27: 85 evento(s)
[2026-09-02T06:00:09.837977]   2026-10-28: 85 evento(s)
[2026-09-02T06:00:09.837979]   2026-10-29: 85 evento(s)
[2026-09-02T06:00:09.837982]   2026-10-30: 85 evento(s)
[2026-09-02T06:00:09.837985]   2026-10-31: 85 evento(s)
[2026-09-02T06:00:09.837987]   2026-11-01: 85 evento(s)
[2026-09-02T06:00:09.837989]   2026-11-02: 84 evento(s)
[2026-09-02T06:00:09.868967] Agenda salva: 69 dias, 5858 eventos pendentes.
=== $(date '+%Y-%m-%d %H:%M:%S') - Extraction completed successfully ===
=== $(date '+%Y-%m-%d %H:%M:%S') - End of run ===
=== $(date '+%Y-%m-%d %H:%M:%S') - Starting agenda extraction ===
[2026-09-02T12:00:15.590781] Iniciando extração: 2026-08-26 → 2026-11-01
[2026-09-02T12:00:15.590825] Buscando página 1 (2026-08-26 → 2026-11-01) …
[2026-09-02T12:00:17.760458]   → 86 eventos (total 86, páginas 1)
[2026-09-02T12:00:17.760775] Total único de eventos da API: 86
[2026-09-02T12:00:17.798633] Eventos concluídos (filtrados): 0
[2026-09-02T12:00:17.798686] Eventos expandidos em entradas de dia: 5919
[2026-09-02T12:00:17.800361]   2026-08-26: 84 evento(s)
[2026-09-02T12:00:17.800386]   2026-08-27: 84 evento(s)
[2026-09-02T12:00:17.800390]   2026-08-28: 84 evento(s)
[2026-09-02T12:00:17.800393]   2026-08-29: 84 evento(s)
[2026-09-02T12:00:17.800395]   2026-08-30: 84 evento(s)
[2026-09-02T12:00:17.800398]   2026-08-31: 84 evento(s)
[2026-09-02T12:00:17.800401]   2026-09-01: 85 evento(s)
[2026-09-02T12:00:17.800403]   2026-09-02: 86 evento(s)
[2026-09-02T12:00:17.800406]   2026-09-03: 86 evento(s)
[2026-09-02T12:00:17.800408]   2026-09-04: 86 evento(s)
[2026-09-02T12:00:17.800411]   2026-09-05: 86 evento(s)
[2026-09-02T12:00:17.800413]   2026-09-06: 86 evento(s)
[2026-09-02T12:00:17.800415]   2026-09-07: 86 evento(s)
[2026-09-02T12:00:17.800418]   2026-09-08: 86 evento(s)
[2026-09-02T12:00:17.800420]   2026-09-09: 86 evento(s)
[2026-09-02T12:00:17.800423]   2026-09-10: 86 evento(s)
[2026-09-02T12:00:17.800425]   2026-09-11: 86 evento(s)
[2026-09-02T12:00:17.800429]   2026-09-12: 86 evento(s)
[2026-09-02T12:00:17.800431]   2026-09-13: 86 evento(s)
[2026-09-02T12:00:17.800434]   2026-09-14: 86 evento(s)
[2026-09-02T12:00:17.800437]   2026-09-15: 86 evento(s)
[2026-09-02T12:00:17.800440]   2026-09-16: 86 evento(s)
[2026-09-02T12:00:17.800443]   2026-09-17: 86 evento(s)
[2026-09-02T12:00:17.800445]   2026-09-18: 86 evento(s)
[2026-09-02T12:00:17.800448]   2026-09-19: 86 evento(s)
[2026-09-02T12:00:17.800452]   2026-09-20: 86 evento(s)
[2026-09-02T12:00:17.800455]   2026-09-21: 86 evento(s)
[2026-09-02T12:00:17.800457]   2026-09-22: 86 evento(s)
[2026-09-02T12:00:17.800460]   2026-09-23: 86 evento(s)
[2026-09-02T12:00:17.800464]   2026-09-24: 86 evento(s)
[2026-09-02T12:00:17.800467]   2026-09-25: 86 evento(s)
[2026-09-02T12:00:17.800469]   2026-09-26: 86 evento(s)
[2026-09-02T12:00:17.800472]   2026-09-27: 86 evento(s)
[2026-09-02T12:00:17.800475]   2026-09-28: 86 evento(s)
[2026-09-02T12:00:17.800478]   2026-09-29: 86 evento(s)
[2026-09-02T12:00:17.800481]   2026-09-30: 86 evento(s)
[2026-09-02T12:00:17.800484]   2026-10-01: 86 evento(s)
[2026-09-02T12:00:17.800487]   2026-10-02: 86 evento(s)
[2026-09-02T12:00:17.800490]   2026-10-03: 86 evento(s)
[2026-09-02T12:00:17.800493]   2026-10-04: 86 evento(s)
[2026-09-02T12:00:17.800496]   2026-10-05: 86 evento(s)
[2026-09-02T12:00:17.800499]   2026-10-06: 86 evento(s)
[2026-09-02T12:00:17.800502]   2026-10-07: 86 evento(s)
[2026-09-02T12:00:17.800505]   2026-10-08: 86 evento(s)
[2026-09-02T12:00:17.800507]   2026-10-09: 86 evento(s)
[2026-09-02T12:00:17.800510]   2026-10-10: 86 evento(s)
[2026-09-02T12:00:17.800513]   2026-10-11: 86 evento(s)
[2026-09-02T12:00:17.800516]   2026-10-12: 86 evento(s)
[2026-09-02T12:00:17.800519]   2026-10-13: 86 evento(s)
[2026-09-02T12:00:17.800522]   2026-10-14: 86 evento(s)
[2026-09-02T12:00:17.800526]   2026-10-15: 86 evento(s)
[2026-09-02T12:00:17.800528]   2026-10-16: 86 evento(s)
[2026-09-02T12:00:17.800531]   2026-10-17: 86 evento(s)
[2026-09-02T12:00:17.800534]   2026-10-18: 86 evento(s)
[2026-09-02T12:00:17.800537]   2026-10-19: 86 evento(s)
[2026-09-02T12:00:17.800540]   2026-10-20: 86 evento(s)
[2026-09-02T12:00:17.800543]   2026-10-21: 86 evento(s)
[2026-09-02T12:00:17.800546]   2026-10-22: 86 evento(s)
[2026-09-02T12:00:17.800549]   2026-10-23: 86 evento(s)
[2026-09-02T12:00:17.800552]   2026-10-24: 86 evento(s)
[2026-09-02T12:00:17.800556]   2026-10-25: 86 evento(s)
[2026-09-02T12:00:17.800559]   2026-10-26: 86 evento(s)
[2026-09-02T12:00:17.800577]   2026-10-27: 86 evento(s)
[2026-09-02T12:00:17.800580]   2026-10-28: 86 evento(s)
[2026-09-02T12:00:17.800582]   2026-10-29: 86 evento(s)
[2026-09-02T12:00:17.800585]   2026-10-30: 86 evento(s)
[2026-09-02T12:00:17.800587]   2026-10-31: 86 evento(s)
[2026-09-02T12:00:17.800590]   2026-11-01: 86 evento(s)
[2026-09-02T12:00:17.800593]   2026-11-02: 84 evento(s)
[2026-09-02T12:00:17.834726] Agenda salva: 69 dias, 5919 eventos pendentes.
=== $(date '+%Y-%m-%d %H:%M:%S') - Extraction completed successfully ===
=== $(date '+%Y-%m-%d %H:%M:%S') - End of run ===
=== $(date '+%Y-%m-%d %H:%M:%S') - Starting agenda extraction ===
[2026-09-02T18:00:23.991164] Iniciando extração: 2026-08-26 → 2026-11-01
[2026-09-02T18:00:23.991214] Buscando página 1 (2026-08-26 → 2026-11-01) …
[2026-09-02T18:00:26.359260]   → 86 eventos (total 86, páginas 1)
[2026-09-02T18:00:26.359646] Total único de eventos da API: 86
[2026-09-02T18:00:26.387484] Eventos concluídos (filtrados): 0
[2026-09-02T18:00:26.387528] Eventos expandidos em entradas de dia: 5919
[2026-09-02T18:00:26.389053]   2026-08-26: 84 evento(s)
[2026-09-02T18:00:26.389086]   2026-08-27: 84 evento(s)
[2026-09-02T18:00:26.389090]   2026-08-28: 84 evento(s)
[2026-09-02T18:00:26.389093]   2026-08-29: 84 evento(s)
[2026-09-02T18:00:26.389095]   2026-08-30: 84 evento(s)
[2026-09-02T18:00:26.389098]   2026-08-31: 84 evento(s)
[2026-09-02T18:00:26.389102]   2026-09-01: 85 evento(s)
[2026-09-02T18:00:26.389105]   2026-09-02: 86 evento(s)
[2026-09-02T18:00:26.389108]   2026-09-03: 86 evento(s)
[2026-09-02T18:00:26.389110]   2026-09-04: 86 evento(s)
[2026-09-02T18:00:26.389113]   2026-09-05: 86 evento(s)
[2026-09-02T18:00:26.389116]   2026-09-06: 86 evento(s)
[2026-09-02T18:00:26.389118]   2026-09-07: 86 evento(s)
[2026-09-02T18:00:26.389121]   2026-09-08: 86 evento(s)
[2026-09-02T18:00:26.389123]   2026-09-09: 86 evento(s)
[2026-09-02T18:00:26.389126]   2026-09-10: 86 evento(s)
[2026-09-02T18:00:26.389128]   2026-09-11: 86 evento(s)
[2026-09-02T18:00:26.389131]   2026-09-12: 86 evento(s)
[2026-09-02T18:00:26.389133]   2026-09-13: 86 evento(s)
[2026-09-02T18:00:26.389136]   2026-09-14: 86 evento(s)
[2026-09-02T18:00:26.389138]   2026-09-15: 86 evento(s)
[2026-09-02T18:00:26.389141]   2026-09-16: 86 evento(s)
[2026-09-02T18:00:26.389144]   2026-09-17: 86 evento(s)
[2026-09-02T18:00:26.389146]   2026-09-18: 86 evento(s)
[2026-09-02T18:00:26.389149]   2026-09-19: 86 evento(s)
[2026-09-02T18:00:26.389151]   2026-09-20: 86 evento(s)
[2026-09-02T18:00:26.389154]   2026-09-21: 86 evento(s)
[2026-09-02T18:00:26.389156]   2026-09-22: 86 evento(s)
[2026-09-02T18:00:26.389159]   2026-09-23: 86 evento(s)
[2026-09-02T18:00:26.389161]   2026-09-24: 86 evento(s)
[2026-09-02T18:00:26.389164]   2026-09-25: 86 evento(s)
[2026-09-02T18:00:26.389167]   2026-09-26: 86 evento(s)
[2026-09-02T18:00:26.389169]   2026-09-27: 86 evento(s)
[2026-09-02T18:00:26.389172]   2026-09-28: 86 evento(s)
[2026-09-02T18:00:26.389174]   2026-09-29: 86 evento(s)
[2026-09-02T18:00:26.389177]   2026-09-30: 86 evento(s)
[2026-09-02T18:00:26.389179]   2026-10-01: 86 evento(s)
[2026-09-02T18:00:26.389182]   2026-10-02: 86 evento(s)
[2026-09-02T18:00:26.389185]   2026-10-03: 86 evento(s)
[2026-09-02T18:00:26.389187]   2026-10-04: 86 evento(s)
[2026-09-02T18:00:26.389190]   2026-10-05: 86 evento(s)
[2026-09-02T18:00:26.389192]   2026-10-06: 86 evento(s)
[2026-09-02T18:00:26.389195]   2026-10-07: 86 evento(s)
[2026-09-02T18:00:26.389198]   2026-10-08: 86 evento(s)
[2026-09-02T18:00:26.389200]   2026-10-09: 86 evento(s)
[2026-09-02T18:00:26.389203]   2026-10-10: 86 evento(s)
[2026-09-02T18:00:26.389205]   2026-10-11: 86 evento(s)
[2026-09-02T18:00:26.389208]   2026-10-12: 86 evento(s)
[2026-09-02T18:00:26.389211]   2026-10-13: 86 evento(s)
[2026-09-02T18:00:26.389213]   2026-10-14: 86 evento(s)
[2026-09-02T18:00:26.389216]   2026-10-15: 86 evento(s)
[2026-09-02T18:00:26.389218]   2026-10-16: 86 evento(s)
[2026-09-02T18:00:26.389221]   2026-10-17: 86 evento(s)
[2026-09-02T18:00:26.389224]   2026-10-18: 86 evento(s)
[2026-09-02T18:00:26.389239]   2026-10-19: 86 evento(s)
[2026-09-02T18:00:26.389242]   2026-10-20: 86 evento(s)
[2026-09-02T18:00:26.389244]   2026-10-21: 86 evento(s)
[2026-09-02T18:00:26.389246]   2026-10-22: 86 evento(s)
[2026-09-02T18:00:26.389248]   2026-10-23: 86 evento(s)
[2026-09-02T18:00:26.389251]   2026-10-24: 86 evento(s)
[2026-09-02T18:00:26.389253]   2026-10-25: 86 evento(s)
[2026-09-02T18:00:26.389256]   2026-10-26: 86 evento(s)
[2026-09-02T18:00:26.389258]   2026-10-27: 86 evento(s)
[2026-09-02T18:00:26.389260]   2026-10-28: 86 evento(s)
[2026-09-02T18:00:26.389262]   2026-10-29: 86 evento(s)
[2026-09-02T18:00:26.389265]   2026-10-30: 86 evento(s)
[2026-09-02T18:00:26.389267]   2026-10-31: 86 evento(s)
[2026-09-02T18:00:26.389269]   2026-11-01: 86 evento(s)
[2026-09-02T18:00:26.389271]   2026-11-02: 84 evento(s)
[2026-09-02T18:00:26.419443] Agenda salva: 69 dias, 5919 eventos pendentes.
=== $(date '+%Y-%m-%d %H:%M:%S') - Extraction completed successfully ===
=== $(date '+%Y-%m-%d %H:%M:%S') - End of run ===
=== $(date '+%Y-%m-%d %H:%M:%S') - Starting agenda extraction ===
[2026-09-03T06:00:41.460799] Iniciando extração: 2026-08-27 → 2026-11-02
[2026-09-03T06:00:41.460848] Buscando página 1 (2026-08-27 → 2026-11-02) …
[2026-09-03T06:00:43.966495]   → 86 eventos (total 86, páginas 1)
[2026-09-03T06:00:43.966683] Total único de eventos da API: 86
[2026-09-03T06:00:43.996095] Eventos concluídos (filtrados): 0
[2026-09-03T06:00:43.996148] Eventos expandidos em entradas de dia: 5921
[2026-09-03T06:00:43.997737]   2026-08-27: 84 evento(s)
[2026-09-03T06:00:43.997765]   2026-08-28: 84 evento(s)
[2026-09-03T06:00:43.997770]   2026-08-29: 84 evento(s)
[2026-09-03T06:00:43.997773]   2026-08-30: 84 evento(s)
[2026-09-03T06:00:43.997775]   2026-08-31: 84 evento(s)
[2026-09-03T06:00:43.997778]   2026-09-01: 85 evento(s)
[2026-09-03T06:00:43.997780]   2026-09-02: 86 evento(s)
[2026-09-03T06:00:43.997783]   2026-09-03: 86 evento(s)
[2026-09-03T06:00:43.997785]   2026-09-04: 86 evento(s)
[2026-09-03T06:00:43.997788]   2026-09-05: 86 evento(s)
[2026-09-03T06:00:43.997790]   2026-09-06: 86 evento(s)
[2026-09-03T06:00:43.997793]   2026-09-07: 86 evento(s)
[2026-09-03T06:00:43.997795]   2026-09-08: 86 evento(s)
[2026-09-03T06:00:43.997798]   2026-09-09: 86 evento(s)
[2026-09-03T06:00:43.997801]   2026-09-10: 86 evento(s)
[2026-09-03T06:00:43.997803]   2026-09-11: 86 evento(s)
[2026-09-03T06:00:43.997805]   2026-09-12: 86 evento(s)
[2026-09-03T06:00:43.997809]   2026-09-13: 86 evento(s)
[2026-09-03T06:00:43.997811]   2026-09-14: 86 evento(s)
[2026-09-03T06:00:43.997815]   2026-09-15: 86 evento(s)
[2026-09-03T06:00:43.997818]   2026-09-16: 86 evento(s)
[2026-09-03T06:00:43.997821]   2026-09-17: 86 evento(s)
[2026-09-03T06:00:43.997824]   2026-09-18: 86 evento(s)
[2026-09-03T06:00:43.997827]   2026-09-19: 86 evento(s)
[2026-09-03T06:00:43.997830]   2026-09-20: 86 evento(s)
[2026-09-03T06:00:43.997834]   2026-09-21: 86 evento(s)
[2026-09-03T06:00:43.997837]   2026-09-22: 86 evento(s)
[2026-09-03T06:00:43.997840]   2026-09-23: 86 evento(s)
[2026-09-03T06:00:43.997844]   2026-09-24: 86 evento(s)
[2026-09-03T06:00:43.997847]   2026-09-25: 86 evento(s)
[2026-09-03T06:00:43.997849]   2026-09-26: 86 evento(s)
[2026-09-03T06:00:43.997852]   2026-09-27: 86 evento(s)
[2026-09-03T06:00:43.997855]   2026-09-28: 86 evento(s)
[2026-09-03T06:00:43.997858]   2026-09-29: 86 evento(s)
[2026-09-03T06:00:43.997861]   2026-09-30: 86 evento(s)
[2026-09-03T06:00:43.997864]   2026-10-01: 86 evento(s)
[2026-09-03T06:00:43.997867]   2026-10-02: 86 evento(s)
[2026-09-03T06:00:43.997870]   2026-10-03: 86 evento(s)
[2026-09-03T06:00:43.997873]   2026-10-04: 86 evento(s)
[2026-09-03T06:00:43.997876]   2026-10-05: 86 evento(s)
[2026-09-03T06:00:43.997879]   2026-10-06: 86 evento(s)
[2026-09-03T06:00:43.997882]   2026-10-07: 86 evento(s)
[2026-09-03T06:00:43.997885]   2026-10-08: 86 evento(s)
[2026-09-03T06:00:43.997888]   2026-10-09: 86 evento(s)
[2026-09-03T06:00:43.997890]   2026-10-10: 86 evento(s)
[2026-09-03T06:00:43.997893]   2026-10-11: 86 evento(s)
[2026-09-03T06:00:43.997910]   2026-10-12: 86 evento(s)
[2026-09-03T06:00:43.997913]   2026-10-13: 86 evento(s)
[2026-09-03T06:00:43.997915]   2026-10-14: 86 evento(s)
[2026-09-03T06:00:43.997918]   2026-10-15: 86 evento(s)
[2026-09-03T06:00:43.997926]   2026-10-16: 86 evento(s)
[2026-09-03T06:00:43.997929]   2026-10-17: 86 evento(s)
[2026-09-03T06:00:43.997932]   2026-10-18: 86 evento(s)
[2026-09-03T06:00:43.997934]   2026-10-19: 86 evento(s)
[2026-09-03T06:00:43.997937]   2026-10-20: 86 evento(s)
[2026-09-03T06:00:43.997940]   2026-10-21: 86 evento(s)
[2026-09-03T06:00:43.997943]   2026-10-22: 86 evento(s)
[2026-09-03T06:00:43.997945]   2026-10-23: 86 evento(s)
[2026-09-03T06:00:43.997948]   2026-10-24: 86 evento(s)
[2026-09-03T06:00:43.997950]   2026-10-25: 86 evento(s)
[2026-09-03T06:00:43.997955]   2026-10-26: 86 evento(s)
[2026-09-03T06:00:43.997958]   2026-10-27: 86 evento(s)
[2026-09-03T06:00:43.997960]   2026-10-28: 86 evento(s)
[2026-09-03T06:00:43.997963]   2026-10-29: 86 evento(s)
[2026-09-03T06:00:43.997966]   2026-10-30: 86 evento(s)
[2026-09-03T06:00:43.997969]   2026-10-31: 86 evento(s)
[2026-09-03T06:00:43.997971]   2026-11-01: 86 evento(s)
[2026-09-03T06:00:43.997974]   2026-11-02: 86 evento(s)
[2026-09-03T06:00:43.997977]   2026-11-03: 84 evento(s)
[2026-09-03T06:00:44.030201] Agenda salva: 69 dias, 5921 eventos pendentes.
=== $(date '+%Y-%m-%d %H:%M:%S') - Extraction completed successfully ===
=== $(date '+%Y-%m-%d %H:%M:%S') - End of run ===
=== $(date '+%Y-%m-%d %H:%M:%S') - Starting agenda extraction ===
[2026-09-03T12:00:49.057601] Iniciando extração: 2026-08-27 → 2026-11-02
[2026-09-03T12:00:49.057768] Buscando página 1 (2026-08-27 → 2026-11-02) …
[2026-09-03T12:00:51.519866]   → 86 eventos (total 86, páginas 1)
[2026-09-03T12:00:51.520155] Total único de eventos da API: 86
[2026-09-03T12:00:51.561685] Eventos concluídos (filtrados): 0
[2026-09-03T12:00:51.561955] Eventos expandidos em entradas de dia: 5921
[2026-09-03T12:00:51.563664]   2026-08-27: 84 evento(s)
[2026-09-03T12:00:51.563698]   2026-08-28: 84 evento(s)
[2026-09-03T12:00:51.563703]   2026-08-29: 84 evento(s)
[2026-09-03T12:00:51.563708]   2026-08-30: 84 evento(s)
[2026-09-03T12:00:51.563711]   2026-08-31: 84 evento(s)
[2026-09-03T12:00:51.563715]   2026-09-01: 85 evento(s)
[2026-09-03T12:00:51.563719]   2026-09-02: 86 evento(s)
[2026-09-03T12:00:51.563723]   2026-09-03: 86 evento(s)
[2026-09-03T12:00:51.563726]   2026-09-04: 86 evento(s)
[2026-09-03T12:00:51.563729]   2026-09-05: 86 evento(s)
[2026-09-03T12:00:51.563733]   2026-09-06: 86 evento(s)
[2026-09-03T12:00:51.563737]   2026-09-07: 86 evento(s)
[2026-09-03T12:00:51.563741]   2026-09-08: 86 evento(s)
[2026-09-03T12:00:51.563744]   2026-09-09: 86 evento(s)
[2026-09-03T12:00:51.563748]   2026-09-10: 86 evento(s)
[2026-09-03T12:00:51.563752]   2026-09-11: 86 evento(s)
[2026-09-03T12:00:51.563755]   2026-09-12: 86 evento(s)
[2026-09-03T12:00:51.563759]   2026-09-13: 86 evento(s)
[2026-09-03T12:00:51.563763]   2026-09-14: 86 evento(s)
[2026-09-03T12:00:51.563766]   2026-09-15: 86 evento(s)
[2026-09-03T12:00:51.563770]   2026-09-16: 86 evento(s)
[2026-09-03T12:00:51.563773]   2026-09-17: 86 evento(s)
[2026-09-03T12:00:51.563777]   2026-09-18: 86 evento(s)
[2026-09-03T12:00:51.563781]   2026-09-19: 86 evento(s)
[2026-09-03T12:00:51.563784]   2026-09-20: 86 evento(s)
[2026-09-03T12:00:51.563788]   2026-09-21: 86 evento(s)
[2026-09-03T12:00:51.563792]   2026-09-22: 86 evento(s)
[2026-09-03T12:00:51.563795]   2026-09-23: 86 evento(s)
[2026-09-03T12:00:51.563799]   2026-09-24: 86 evento(s)
[2026-09-03T12:00:51.563803]   2026-09-25: 86 evento(s)
[2026-09-03T12:00:51.563806]   2026-09-26: 86 evento(s)
[2026-09-03T12:00:51.563810]   2026-09-27: 86 evento(s)
[2026-09-03T12:00:51.563813]   2026-09-28: 86 evento(s)
[2026-09-03T12:00:51.563817]   2026-09-29: 86 evento(s)
[2026-09-03T12:00:51.563821]   2026-09-30: 86 evento(s)
[2026-09-03T12:00:51.563824]   2026-10-01: 86 evento(s)
[2026-09-03T12:00:51.563828]   2026-10-02: 86 evento(s)
[2026-09-03T12:00:51.563832]   2026-10-03: 86 evento(s)
[2026-09-03T12:00:51.563853]   2026-10-04: 86 evento(s)
[2026-09-03T12:00:51.563857]   2026-10-05: 86 evento(s)
[2026-09-03T12:00:51.563860]   2026-10-06: 86 evento(s)
[2026-09-03T12:00:51.563864]   2026-10-07: 86 evento(s)
[2026-09-03T12:00:51.563867]   2026-10-08: 86 evento(s)
[2026-09-03T12:00:51.563871]   2026-10-09: 86 evento(s)
[2026-09-03T12:00:51.563874]   2026-10-10: 86 evento(s)
[2026-09-03T12:00:51.563877]   2026-10-11: 86 evento(s)
[2026-09-03T12:00:51.563880]   2026-10-12: 86 evento(s)
[2026-09-03T12:00:51.563884]   2026-10-13: 86 evento(s)
[2026-09-03T12:00:51.563887]   2026-10-14: 86 evento(s)
[2026-09-03T12:00:51.563891]   2026-10-15: 86 evento(s)
[2026-09-03T12:00:51.563895]   2026-10-16: 86 evento(s)
[2026-09-03T12:00:51.563898]   2026-10-17: 86 evento(s)
[2026-09-03T12:00:51.563902]   2026-10-18: 86 evento(s)
[2026-09-03T12:00:51.563905]   2026-10-19: 86 evento(s)
[2026-09-03T12:00:51.563908]   2026-10-20: 86 evento(s)
[2026-09-03T12:00:51.563911]   2026-10-21: 86 evento(s)
[2026-09-03T12:00:51.563915]   2026-10-22: 86 evento(s)
[2026-09-03T12:00:51.563918]   2026-10-23: 86 evento(s)
[2026-09-03T12:00:51.563921]   2026-10-24: 86 evento(s)
[2026-09-03T12:00:51.563924]   2026-10-25: 86 evento(s)
[2026-09-03T12:00:51.563927]   2026-10-26: 86 evento(s)
[2026-09-03T12:00:51.563932]   2026-10-27: 86 evento(s)
[2026-09-03T12:00:51.563937]   2026-10-28: 86 evento(s)
[2026-09-03T12:00:51.563942]   2026-10-29: 86 evento(s)
[2026-09-03T12:00:51.563947]   2026-10-30: 86 evento(s)
[2026-09-03T12:00:51.563952]   2026-10-31: 86 evento(s)
[2026-09-03T12:00:51.563958]   2026-11-01: 86 evento(s)
[2026-09-03T12:00:51.563963]   2026-11-02: 86 evento(s)
[2026-09-03T12:00:51.563973]   2026-11-03: 84 evento(s)
[2026-09-03T12:00:51.597563] Agenda salva: 69 dias, 5921 eventos pendentes.
=== $(date '+%Y-%m-%d %H:%M:%S') - Extraction completed successfully ===
=== $(date '+%Y-%m-%d %H:%M:%S') - End of run ===
=== $(date '+%Y-%m-%d %H:%M:%S') - Starting agenda extraction ===
[2026-09-03T18:00:56.170832] Iniciando extração: 2026-08-27 → 2026-11-02
[2026-09-03T18:00:56.171105] Buscando página 1 (2026-08-27 → 2026-11-02) …
[2026-09-03T18:00:58.147757]   → 86 eventos (total 86, páginas 1)
[2026-09-03T18:00:58.147985] Total único de eventos da API: 86
[2026-09-03T18:00:58.188371] Eventos concluídos (filtrados): 0
[2026-09-03T18:00:58.188431] Eventos expandidos em entradas de dia: 5921
[2026-09-03T18:00:58.190120]   2026-08-27: 84 evento(s)
[2026-09-03T18:00:58.190150]   2026-08-28: 84 evento(s)
[2026-09-03T18:00:58.190156]   2026-08-29: 84 evento(s)
[2026-09-03T18:00:58.190160]   2026-08-30: 84 evento(s)
[2026-09-03T18:00:58.190164]   2026-08-31: 84 evento(s)
[2026-09-03T18:00:58.190168]   2026-09-01: 85 evento(s)
[2026-09-03T18:00:58.190172]   2026-09-02: 86 evento(s)
[2026-09-03T18:00:58.190175]   2026-09-03: 86 evento(s)
[2026-09-03T18:00:58.190179]   2026-09-04: 86 evento(s)
[2026-09-03T18:00:58.190183]   2026-09-05: 86 evento(s)
[2026-09-03T18:00:58.190187]   2026-09-06: 86 evento(s)
[2026-09-03T18:00:58.190190]   2026-09-07: 86 evento(s)
[2026-09-03T18:00:58.190194]   2026-09-08: 86 evento(s)
[2026-09-03T18:00:58.190198]   2026-09-09: 86 evento(s)
[2026-09-03T18:00:58.190201]   2026-09-10: 86 evento(s)
[2026-09-03T18:00:58.190205]   2026-09-11: 86 evento(s)
[2026-09-03T18:00:58.190209]   2026-09-12: 86 evento(s)
[2026-09-03T18:00:58.190213]   2026-09-13: 86 evento(s)
[2026-09-03T18:00:58.190217]   2026-09-14: 86 evento(s)
[2026-09-03T18:00:58.190220]   2026-09-15: 86 evento(s)
[2026-09-03T18:00:58.190225]   2026-09-16: 86 evento(s)
[2026-09-03T18:00:58.190229]   2026-09-17: 86 evento(s)
[2026-09-03T18:00:58.190232]   2026-09-18: 86 evento(s)
[2026-09-03T18:00:58.190237]   2026-09-19: 86 evento(s)
[2026-09-03T18:00:58.190240]   2026-09-20: 86 evento(s)
[2026-09-03T18:00:58.190244]   2026-09-21: 86 evento(s)
[2026-09-03T18:00:58.190248]   2026-09-22: 86 evento(s)
[2026-09-03T18:00:58.190251]   2026-09-23: 86 evento(s)
[2026-09-03T18:00:58.190255]   2026-09-24: 86 evento(s)
[2026-09-03T18:00:58.190270]   2026-09-25: 86 evento(s)
[2026-09-03T18:00:58.190275]   2026-09-26: 86 evento(s)
[2026-09-03T18:00:58.190278]   2026-09-27: 86 evento(s)
[2026-09-03T18:00:58.190281]   2026-09-28: 86 evento(s)
[2026-09-03T18:00:58.190284]   2026-09-29: 86 evento(s)
[2026-09-03T18:00:58.190288]   2026-09-30: 86 evento(s)
[2026-09-03T18:00:58.190291]   2026-10-01: 86 evento(s)
[2026-09-03T18:00:58.190295]   2026-10-02: 86 evento(s)
[2026-09-03T18:00:58.190298]   2026-10-03: 86 evento(s)
[2026-09-03T18:00:58.190301]   2026-10-04: 86 evento(s)
[2026-09-03T18:00:58.190305]   2026-10-05: 86 evento(s)
[2026-09-03T18:00:58.190308]   2026-10-06: 86 evento(s)
[2026-09-03T18:00:58.190312]   2026-10-07: 86 evento(s)
[2026-09-03T18:00:58.190315]   2026-10-08: 86 evento(s)
[2026-09-03T18:00:58.190318]   2026-10-09: 86 evento(s)
[2026-09-03T18:00:58.190322]   2026-10-10: 86 evento(s)
[2026-09-03T18:00:58.190325]   2026-10-11: 86 evento(s)
[2026-09-03T18:00:58.190328]   2026-10-12: 86 evento(s)
[2026-09-03T18:00:58.190331]   2026-10-13: 86 evento(s)
[2026-09-03T18:00:58.190335]   2026-10-14: 86 evento(s)
[2026-09-03T18:00:58.190338]   2026-10-15: 86 evento(s)
[2026-09-03T18:00:58.190342]   2026-10-16: 86 evento(s)
[2026-09-03T18:00:58.190345]   2026-10-17: 86 evento(s)
[2026-09-03T18:00:58.190348]   2026-10-18: 86 evento(s)
[2026-09-03T18:00:58.190351]   2026-10-19: 86 evento(s)
[2026-09-03T18:00:58.190355]   2026-10-20: 86 evento(s)
[2026-09-03T18:00:58.190358]   2026-10-21: 86 evento(s)
[2026-09-03T18:00:58.190361]   2026-10-22: 86 evento(s)
[2026-09-03T18:00:58.190364]   2026-10-23: 86 evento(s)
[2026-09-03T18:00:58.190368]   2026-10-24: 86 evento(s)
[2026-09-03T18:00:58.190371]   2026-10-25: 86 evento(s)
[2026-09-03T18:00:58.190374]   2026-10-26: 86 evento(s)
[2026-09-03T18:00:58.190404]   2026-10-27: 86 evento(s)
[2026-09-03T18:00:58.190412]   2026-10-28: 86 evento(s)
[2026-09-03T18:00:58.190416]   2026-10-29: 86 evento(s)
[2026-09-03T18:00:58.190418]   2026-10-30: 86 evento(s)
[2026-09-03T18:00:58.190421]   2026-10-31: 86 evento(s)
[2026-09-03T18:00:58.190425]   2026-11-01: 86 evento(s)
[2026-09-03T18:00:58.190428]   2026-11-02: 86 evento(s)
[2026-09-03T18:00:58.190431]   2026-11-03: 84 evento(s)
[2026-09-03T18:00:58.222997] Agenda salva: 69 dias, 5921 eventos pendentes.
=== $(date '+%Y-%m-%d %H:%M:%S') - Extraction completed successfully ===
=== $(date '+%Y-%m-%d %H:%M:%S') - End of run ===
=== $(date '+%Y-%m-%d %H:%M:%S') - Starting agenda extraction ===
[2026-09-04T06:00:10.420645] Iniciando extração: 2026-08-28 → 2026-11-03
[2026-09-04T06:00:10.420867] Buscando página 1 (2026-08-28 → 2026-11-03) …
[2026-09-04T06:00:12.490027]   → 86 eventos (total 86, páginas 1)
[2026-09-04T06:00:12.490672] Total único de eventos da API: 86
[2026-09-04T06:00:12.530598] Eventos concluídos (filtrados): 0
[2026-09-04T06:00:12.530661] Eventos expandidos em entradas de dia: 5923
[2026-09-04T06:00:12.532316]   2026-08-28: 84 evento(s)
[2026-09-04T06:00:12.532339]   2026-08-29: 84 evento(s)
[2026-09-04T06:00:12.532345]   2026-08-30: 84 evento(s)
[2026-09-04T06:00:12.532348]   2026-08-31: 84 evento(s)
[2026-09-04T06:00:12.532351]   2026-09-01: 85 evento(s)
[2026-09-04T06:00:12.532364]   2026-09-02: 86 evento(s)
[2026-09-04T06:00:12.532368]   2026-09-03: 86 evento(s)
[2026-09-04T06:00:12.532372]   2026-09-04: 86 evento(s)
[2026-09-04T06:00:12.532376]   2026-09-05: 86 evento(s)
[2026-09-04T06:00:12.532379]   2026-09-06: 86 evento(s)
[2026-09-04T06:00:12.532382]   2026-09-07: 86 evento(s)
[2026-09-04T06:00:12.532385]   2026-09-08: 86 evento(s)
[2026-09-04T06:00:12.532388]   2026-09-09: 86 evento(s)
[2026-09-04T06:00:12.532392]   2026-09-10: 86 evento(s)
[2026-09-04T06:00:12.532395]   2026-09-11: 86 evento(s)
[2026-09-04T06:00:12.532398]   2026-09-12: 86 evento(s)
[2026-09-04T06:00:12.532401]   2026-09-13: 86 evento(s)
[2026-09-04T06:00:12.532406]   2026-09-14: 86 evento(s)
[2026-09-04T06:00:12.532409]   2026-09-15: 86 evento(s)
[2026-09-04T06:00:12.532412]   2026-09-16: 86 evento(s)
[2026-09-04T06:00:12.532415]   2026-09-17: 86 evento(s)
[2026-09-04T06:00:12.532432]   2026-09-18: 86 evento(s)
[2026-09-04T06:00:12.532437]   2026-09-19: 86 evento(s)
[2026-09-04T06:00:12.532440]   2026-09-20: 86 evento(s)
[2026-09-04T06:00:12.532443]   2026-09-21: 86 evento(s)
[2026-09-04T06:00:12.532446]   2026-09-22: 86 evento(s)
[2026-09-04T06:00:12.532449]   2026-09-23: 86 evento(s)
[2026-09-04T06:00:12.532452]   2026-09-24: 86 evento(s)
[2026-09-04T06:00:12.532454]   2026-09-25: 86 evento(s)
[2026-09-04T06:00:12.532457]   2026-09-26: 86 evento(s)
[2026-09-04T06:00:12.532460]   2026-09-27: 86 evento(s)
[2026-09-04T06:00:12.532463]   2026-09-28: 86 evento(s)
[2026-09-04T06:00:12.532467]   2026-09-29: 86 evento(s)
[2026-09-04T06:00:12.532471]   2026-09-30: 86 evento(s)
[2026-09-04T06:00:12.532473]   2026-10-01: 86 evento(s)
[2026-09-04T06:00:12.532477]   2026-10-02: 86 evento(s)
[2026-09-04T06:00:12.532480]   2026-10-03: 86 evento(s)
[2026-09-04T06:00:12.532483]   2026-10-04: 86 evento(s)
[2026-09-04T06:00:12.532486]   2026-10-05: 86 evento(s)
[2026-09-04T06:00:12.532488]   2026-10-06: 86 evento(s)
[2026-09-04T06:00:12.532491]   2026-10-07: 86 evento(s)
[2026-09-04T06:00:12.532494]   2026-10-08: 86 evento(s)
[2026-09-04T06:00:12.532498]   2026-10-09: 86 evento(s)
[2026-09-04T06:00:12.532502]   2026-10-10: 86 evento(s)
[2026-09-04T06:00:12.532505]   2026-10-11: 86 evento(s)
[2026-09-04T06:00:12.532508]   2026-10-12: 86 evento(s)
[2026-09-04T06:00:12.532511]   2026-10-13: 86 evento(s)
[2026-09-04T06:00:12.532514]   2026-10-14: 86 evento(s)
[2026-09-04T06:00:12.532517]   2026-10-15: 86 evento(s)
[2026-09-04T06:00:12.532520]   2026-10-16: 86 evento(s)
[2026-09-04T06:00:12.532523]   2026-10-17: 86 evento(s)
[2026-09-04T06:00:12.532526]   2026-10-18: 86 evento(s)
[2026-09-04T06:00:12.532530]   2026-10-19: 86 evento(s)
[2026-09-04T06:00:12.532534]   2026-10-20: 86 evento(s)
[2026-09-04T06:00:12.532537]   2026-10-21: 86 evento(s)
[2026-09-04T06:00:12.532540]   2026-10-22: 86 evento(s)
[2026-09-04T06:00:12.532543]   2026-10-23: 86 evento(s)
[2026-09-04T06:00:12.532545]   2026-10-24: 86 evento(s)
[2026-09-04T06:00:12.532548]   2026-10-25: 86 evento(s)
[2026-09-04T06:00:12.532551]   2026-10-26: 86 evento(s)
[2026-09-04T06:00:12.532554]   2026-10-27: 86 evento(s)
[2026-09-04T06:00:12.532557]   2026-10-28: 86 evento(s)
[2026-09-04T06:00:12.532562]   2026-10-29: 86 evento(s)
[2026-09-04T06:00:12.532565]   2026-10-30: 86 evento(s)
[2026-09-04T06:00:12.532569]   2026-10-31: 86 evento(s)
[2026-09-04T06:00:12.532571]   2026-11-01: 86 evento(s)
[2026-09-04T06:00:12.532574]   2026-11-02: 86 evento(s)
[2026-09-04T06:00:12.532577]   2026-11-03: 86 evento(s)
[2026-09-04T06:00:12.532580]   2026-11-04: 84 evento(s)
[2026-09-04T06:00:12.566076] Agenda salva: 69 dias, 5923 eventos pendentes.
=== $(date '+%Y-%m-%d %H:%M:%S') - Extraction completed successfully ===
=== $(date '+%Y-%m-%d %H:%M:%S') - End of run ===
=== $(date '+%Y-%m-%d %H:%M:%S') - Starting agenda extraction ===
[2026-09-04T12:00:17.425446] Iniciando extração: 2026-08-28 → 2026-11-03
[2026-09-04T12:00:17.425504] Buscando página 1 (2026-08-28 → 2026-11-03) …
[2026-09-04T12:00:19.293215]   → 86 eventos (total 86, páginas 1)
[2026-09-04T12:00:19.293562] Total único de eventos da API: 86
[2026-09-04T12:00:19.334082] Eventos concluídos (filtrados): 0
[2026-09-04T12:00:19.334209] Eventos expandidos em entradas de dia: 5923
[2026-09-04T12:00:19.335836]   2026-08-28: 84 evento(s)
[2026-09-04T12:00:19.335862]   2026-08-29: 84 evento(s)
[2026-09-04T12:00:19.335868]   2026-08-30: 84 evento(s)
[2026-09-04T12:00:19.335871]   2026-08-31: 84 evento(s)
[2026-09-04T12:00:19.335874]   2026-09-01: 85 evento(s)
[2026-09-04T12:00:19.335878]   2026-09-02: 86 evento(s)
[2026-09-04T12:00:19.335881]   2026-09-03: 86 evento(s)
[2026-09-04T12:00:19.335884]   2026-09-04: 86 evento(s)
[2026-09-04T12:00:19.335887]   2026-09-05: 86 evento(s)
[2026-09-04T12:00:19.335890]   2026-09-06: 86 evento(s)
[2026-09-04T12:00:19.335893]   2026-09-07: 86 evento(s)
[2026-09-04T12:00:19.335896]   2026-09-08: 86 evento(s)
[2026-09-04T12:00:19.335910]   2026-09-09: 86 evento(s)
[2026-09-04T12:00:19.335927]   2026-09-10: 86 evento(s)
[2026-09-04T12:00:19.335931]   2026-09-11: 86 evento(s)
[2026-09-04T12:00:19.335934]   2026-09-12: 86 evento(s)
[2026-09-04T12:00:19.335937]   2026-09-13: 86 evento(s)
[2026-09-04T12:00:19.335940]   2026-09-14: 86 evento(s)
[2026-09-04T12:00:19.335943]   2026-09-15: 86 evento(s)
[2026-09-04T12:00:19.335945]   2026-09-16: 86 evento(s)
[2026-09-04T12:00:19.335948]   2026-09-17: 86 evento(s)
[2026-09-04T12:00:19.335951]   2026-09-18: 86 evento(s)
[2026-09-04T12:00:19.335955]   2026-09-19: 86 evento(s)
[2026-09-04T12:00:19.335957]   2026-09-20: 86 evento(s)
[2026-09-04T12:00:19.335961]   2026-09-21: 86 evento(s)
[2026-09-04T12:00:19.335963]   2026-09-22: 86 evento(s)
[2026-09-04T12:00:19.335967]   2026-09-23: 86 evento(s)
[2026-09-04T12:00:19.335969]   2026-09-24: 86 evento(s)
[2026-09-04T12:00:19.335972]   2026-09-25: 86 evento(s)
[2026-09-04T12:00:19.335975]   2026-09-26: 86 evento(s)
[2026-09-04T12:00:19.335978]   2026-09-27: 86 evento(s)
[2026-09-04T12:00:19.335981]   2026-09-28: 86 evento(s)
[2026-09-04T12:00:19.335984]   2026-09-29: 86 evento(s)
[2026-09-04T12:00:19.335987]   2026-09-30: 86 evento(s)
[2026-09-04T12:00:19.335990]   2026-10-01: 86 evento(s)
[2026-09-04T12:00:19.335993]   2026-10-02: 86 evento(s)
[2026-09-04T12:00:19.335996]   2026-10-03: 86 evento(s)
[2026-09-04T12:00:19.335999]   2026-10-04: 86 evento(s)
[2026-09-04T12:00:19.336002]   2026-10-05: 86 evento(s)
[2026-09-04T12:00:19.336005]   2026-10-06: 86 evento(s)
[2026-09-04T12:00:19.336007]   2026-10-07: 86 evento(s)
[2026-09-04T12:00:19.336010]   2026-10-08: 86 evento(s)
[2026-09-04T12:00:19.336013]   2026-10-09: 86 evento(s)
[2026-09-04T12:00:19.336016]   2026-10-10: 86 evento(s)
[2026-09-04T12:00:19.336019]   2026-10-11: 86 evento(s)
[2026-09-04T12:00:19.336022]   2026-10-12: 86 evento(s)
[2026-09-04T12:00:19.336025]   2026-10-13: 86 evento(s)
[2026-09-04T12:00:19.336028]   2026-10-14: 86 evento(s)
[2026-09-04T12:00:19.336031]   2026-10-15: 86 evento(s)
[2026-09-04T12:00:19.336034]   2026-10-16: 86 evento(s)
[2026-09-04T12:00:19.336037]   2026-10-17: 86 evento(s)
[2026-09-04T12:00:19.336040]   2026-10-18: 86 evento(s)
[2026-09-04T12:00:19.336043]   2026-10-19: 86 evento(s)
[2026-09-04T12:00:19.336046]   2026-10-20: 86 evento(s)
[2026-09-04T12:00:19.336049]   2026-10-21: 86 evento(s)
[2026-09-04T12:00:19.336052]   2026-10-22: 86 evento(s)
[2026-09-04T12:00:19.336056]   2026-10-23: 86 evento(s)
[2026-09-04T12:00:19.336059]   2026-10-24: 86 evento(s)
[2026-09-04T12:00:19.336062]   2026-10-25: 86 evento(s)
[2026-09-04T12:00:19.336065]   2026-10-26: 86 evento(s)
[2026-09-04T12:00:19.336068]   2026-10-27: 86 evento(s)
[2026-09-04T12:00:19.336071]   2026-10-28: 86 evento(s)
[2026-09-04T12:00:19.336074]   2026-10-29: 86 evento(s)
[2026-09-04T12:00:19.336076]   2026-10-30: 86 evento(s)
[2026-09-04T12:00:19.336079]   2026-10-31: 86 evento(s)
[2026-09-04T12:00:19.336082]   2026-11-01: 86 evento(s)
[2026-09-04T12:00:19.336085]   2026-11-02: 86 evento(s)
[2026-09-04T12:00:19.336088]   2026-11-03: 86 evento(s)
[2026-09-04T12:00:19.336091]   2026-11-04: 84 evento(s)
[2026-09-04T12:00:19.369712] Agenda salva: 69 dias, 5923 eventos pendentes.
=== $(date '+%Y-%m-%d %H:%M:%S') - Extraction completed successfully ===
=== $(date '+%Y-%m-%d %H:%M:%S') - End of run ===
=== $(date '+%Y-%m-%d %H:%M:%S') - Starting agenda extraction ===
[2026-09-04T18:00:24.205073] Iniciando extração: 2026-08-28 → 2026-11-03
[2026-09-04T18:00:24.205617] Buscando página 1 (2026-08-28 → 2026-11-03) …
[2026-09-04T18:00:26.829059]   → 86 eventos (total 86, páginas 1)
[2026-09-04T18:00:26.829472] Total único de eventos da API: 86
[2026-09-04T18:00:26.868858] Eventos concluídos (filtrados): 0
[2026-09-04T18:00:26.868919] Eventos expandidos em entradas de dia: 5923
[2026-09-04T18:00:26.870606]   2026-08-28: 84 evento(s)
[2026-09-04T18:00:26.870641]   2026-08-29: 84 evento(s)
[2026-09-04T18:00:26.870647]   2026-08-30: 84 evento(s)
[2026-09-04T18:00:26.870650]   2026-08-31: 84 evento(s)
[2026-09-04T18:00:26.870653]   2026-09-01: 85 evento(s)
[2026-09-04T18:00:26.870666]   2026-09-02: 86 evento(s)
[2026-09-04T18:00:26.870669]   2026-09-03: 86 evento(s)
[2026-09-04T18:00:26.870672]   2026-09-04: 86 evento(s)
[2026-09-04T18:00:26.870675]   2026-09-05: 86 evento(s)
[2026-09-04T18:00:26.870677]   2026-09-06: 86 evento(s)
[2026-09-04T18:00:26.870680]   2026-09-07: 86 evento(s)
[2026-09-04T18:00:26.870683]   2026-09-08: 86 evento(s)
[2026-09-04T18:00:26.870687]   2026-09-09: 86 evento(s)
[2026-09-04T18:00:26.870690]   2026-09-10: 86 evento(s)
[2026-09-04T18:00:26.870692]   2026-09-11: 86 evento(s)
[2026-09-04T18:00:26.870695]   2026-09-12: 86 evento(s)
[2026-09-04T18:00:26.870699]   2026-09-13: 86 evento(s)
[2026-09-04T18:00:26.870702]   2026-09-14: 86 evento(s)
[2026-09-04T18:00:26.870705]   2026-09-15: 86 evento(s)
[2026-09-04T18:00:26.870708]   2026-09-16: 86 evento(s)
[2026-09-04T18:00:26.870712]   2026-09-17: 86 evento(s)
[2026-09-04T18:00:26.870715]   2026-09-18: 86 evento(s)
[2026-09-04T18:00:26.870718]   2026-09-19: 86 evento(s)
[2026-09-04T18:00:26.870722]   2026-09-20: 86 evento(s)
[2026-09-04T18:00:26.870725]   2026-09-21: 86 evento(s)
[2026-09-04T18:00:26.870728]   2026-09-22: 86 evento(s)
[2026-09-04T18:00:26.870732]   2026-09-23: 86 evento(s)
[2026-09-04T18:00:26.870735]   2026-09-24: 86 evento(s)
[2026-09-04T18:00:26.870738]   2026-09-25: 86 evento(s)
[2026-09-04T18:00:26.870741]   2026-09-26: 86 evento(s)
[2026-09-04T18:00:26.870745]   2026-09-27: 86 evento(s)
[2026-09-04T18:00:26.870748]   2026-09-28: 86 evento(s)
[2026-09-04T18:00:26.870751]   2026-09-29: 86 evento(s)
[2026-09-04T18:00:26.870754]   2026-09-30: 86 evento(s)
[2026-09-04T18:00:26.870758]   2026-10-01: 86 evento(s)
[2026-09-04T18:00:26.870761]   2026-10-02: 86 evento(s)
[2026-09-04T18:00:26.870764]   2026-10-03: 86 evento(s)
[2026-09-04T18:00:26.870767]   2026-10-04: 86 evento(s)
[2026-09-04T18:00:26.870771]   2026-10-05: 86 evento(s)
[2026-09-04T18:00:26.870774]   2026-10-06: 86 evento(s)
[2026-09-04T18:00:26.870777]   2026-10-07: 86 evento(s)
[2026-09-04T18:00:26.870780]   2026-10-08: 86 evento(s)
[2026-09-04T18:00:26.870784]   2026-10-09: 86 evento(s)
[2026-09-04T18:00:26.870786]   2026-10-10: 86 evento(s)
[2026-09-04T18:00:26.870790]   2026-10-11: 86 evento(s)
[2026-09-04T18:00:26.870793]   2026-10-12: 86 evento(s)
[2026-09-04T18:00:26.870796]   2026-10-13: 86 evento(s)
[2026-09-04T18:00:26.870799]   2026-10-14: 86 evento(s)
[2026-09-04T18:00:26.870802]   2026-10-15: 86 evento(s)
[2026-09-04T18:00:26.870806]   2026-10-16: 86 evento(s)
[2026-09-04T18:00:26.870809]   2026-10-17: 86 evento(s)
[2026-09-04T18:00:26.870812]   2026-10-18: 86 evento(s)
[2026-09-04T18:00:26.870815]   2026-10-19: 86 evento(s)
[2026-09-04T18:00:26.870819]   2026-10-20: 86 evento(s)
[2026-09-04T18:00:26.870822]   2026-10-21: 86 evento(s)
[2026-09-04T18:00:26.870825]   2026-10-22: 86 evento(s)
[2026-09-04T18:00:26.870828]   2026-10-23: 86 evento(s)
[2026-09-04T18:00:26.870832]   2026-10-24: 86 evento(s)
[2026-09-04T18:00:26.870834]   2026-10-25: 86 evento(s)
[2026-09-04T18:00:26.870838]   2026-10-26: 86 evento(s)
[2026-09-04T18:00:26.870841]   2026-10-27: 86 evento(s)
[2026-09-04T18:00:26.870844]   2026-10-28: 86 evento(s)
[2026-09-04T18:00:26.870847]   2026-10-29: 86 evento(s)
[2026-09-04T18:00:26.870850]   2026-10-30: 86 evento(s)
[2026-09-04T18:00:26.870853]   2026-10-31: 86 evento(s)
[2026-09-04T18:00:26.870856]   2026-11-01: 86 evento(s)
[2026-09-04T18:00:26.870860]   2026-11-02: 86 evento(s)
[2026-09-04T18:00:26.870863]   2026-11-03: 86 evento(s)
[2026-09-04T18:00:26.870866]   2026-11-04: 84 evento(s)
[2026-09-04T18:00:26.904224] Agenda salva: 69 dias, 5923 eventos pendentes.
=== $(date '+%Y-%m-%d %H:%M:%S') - Extraction completed successfully ===
=== $(date '+%Y-%m-%d %H:%M:%S') - End of run ===
=== $(date '+%Y-%m-%d %H:%M:%S') - Starting agenda extraction ===
[2026-09-05T06:00:38.387648] Iniciando extração: 2026-08-29 → 2026-11-04
[2026-09-05T06:00:38.387731] Buscando página 1 (2026-08-29 → 2026-11-04) …
[2026-09-05T06:00:41.008466]   → 86 eventos (total 86, páginas 1)
[2026-09-05T06:00:41.008755] Total único de eventos da API: 86
[2026-09-05T06:00:41.047468] Eventos concluídos (filtrados): 0
[2026-09-05T06:00:41.047553] Eventos expandidos em entradas de dia: 5925
[2026-09-05T06:00:41.049305]   2026-08-29: 84 evento(s)
[2026-09-05T06:00:41.049339]   2026-08-30: 84 evento(s)
[2026-09-05T06:00:41.049345]   2026-08-31: 84 evento(s)
[2026-09-05T06:00:41.049352]   2026-09-01: 85 evento(s)
[2026-09-05T06:00:41.049356]   2026-09-02: 86 evento(s)
[2026-09-05T06:00:41.049359]   2026-09-03: 86 evento(s)
[2026-09-05T06:00:41.049362]   2026-09-04: 86 evento(s)
[2026-09-05T06:00:41.049365]   2026-09-05: 86 evento(s)
[2026-09-05T06:00:41.049368]   2026-09-06: 86 evento(s)
[2026-09-05T06:00:41.049371]   2026-09-07: 86 evento(s)
[2026-09-05T06:00:41.049374]   2026-09-08: 86 evento(s)
[2026-09-05T06:00:41.049377]   2026-09-09: 86 evento(s)
[2026-09-05T06:00:41.049380]   2026-09-10: 86 evento(s)
[2026-09-05T06:00:41.049383]   2026-09-11: 86 evento(s)
[2026-09-05T06:00:41.049385]   2026-09-12: 86 evento(s)
[2026-09-05T06:00:41.049388]   2026-09-13: 86 evento(s)
[2026-09-05T06:00:41.049391]   2026-09-14: 86 evento(s)
[2026-09-05T06:00:41.049394]   2026-09-15: 86 evento(s)
[2026-09-05T06:00:41.049396]   2026-09-16: 86 evento(s)
[2026-09-05T06:00:41.049399]   2026-09-17: 86 evento(s)
[2026-09-05T06:00:41.049402]   2026-09-18: 86 evento(s)
[2026-09-05T06:00:41.049406]   2026-09-19: 86 evento(s)
[2026-09-05T06:00:41.049409]   2026-09-20: 86 evento(s)
[2026-09-05T06:00:41.049412]   2026-09-21: 86 evento(s)
[2026-09-05T06:00:41.049415]   2026-09-22: 86 evento(s)
[2026-09-05T06:00:41.049419]   2026-09-23: 86 evento(s)
[2026-09-05T06:00:41.049422]   2026-09-24: 86 evento(s)
[2026-09-05T06:00:41.049425]   2026-09-25: 86 evento(s)
[2026-09-05T06:00:41.049429]   2026-09-26: 86 evento(s)
[2026-09-05T06:00:41.049431]   2026-09-27: 86 evento(s)
[2026-09-05T06:00:41.049434]   2026-09-28: 86 evento(s)
[2026-09-05T06:00:41.049437]   2026-09-29: 86 evento(s)
[2026-09-05T06:00:41.049440]   2026-09-30: 86 evento(s)
[2026-09-05T06:00:41.049444]   2026-10-01: 86 evento(s)
[2026-09-05T06:00:41.049447]   2026-10-02: 86 evento(s)
[2026-09-05T06:00:41.049451]   2026-10-03: 86 evento(s)
[2026-09-05T06:00:41.049454]   2026-10-04: 86 evento(s)
[2026-09-05T06:00:41.049458]   2026-10-05: 86 evento(s)
[2026-09-05T06:00:41.049461]   2026-10-06: 86 evento(s)
[2026-09-05T06:00:41.049464]   2026-10-07: 86 evento(s)
[2026-09-05T06:00:41.049467]   2026-10-08: 86 evento(s)
[2026-09-05T06:00:41.049471]   2026-10-09: 86 evento(s)
[2026-09-05T06:00:41.049474]   2026-10-10: 86 evento(s)
[2026-09-05T06:00:41.049476]   2026-10-11: 86 evento(s)
[2026-09-05T06:00:41.049480]   2026-10-12: 86 evento(s)
[2026-09-05T06:00:41.049483]   2026-10-13: 86 evento(s)
[2026-09-05T06:00:41.049486]   2026-10-14: 86 evento(s)
[2026-09-05T06:00:41.049489]   2026-10-15: 86 evento(s)
[2026-09-05T06:00:41.049493]   2026-10-16: 86 evento(s)
[2026-09-05T06:00:41.049496]   2026-10-17: 86 evento(s)
[2026-09-05T06:00:41.049500]   2026-10-18: 86 evento(s)
[2026-09-05T06:00:41.049503]   2026-10-19: 86 evento(s)
[2026-09-05T06:00:41.049507]   2026-10-20: 86 evento(s)
[2026-09-05T06:00:41.049515]   2026-10-21: 86 evento(s)
[2026-09-05T06:00:41.049518]   2026-10-22: 86 evento(s)
[2026-09-05T06:00:41.049521]   2026-10-23: 86 evento(s)
[2026-09-05T06:00:41.049525]   2026-10-24: 86 evento(s)
[2026-09-05T06:00:41.049528]   2026-10-25: 86 evento(s)
[2026-09-05T06:00:41.049532]   2026-10-26: 86 evento(s)
[2026-09-05T06:00:41.049535]   2026-10-27: 86 evento(s)
[2026-09-05T06:00:41.049539]   2026-10-28: 86 evento(s)
[2026-09-05T06:00:41.049542]   2026-10-29: 86 evento(s)
[2026-09-05T06:00:41.049545]   2026-10-30: 86 evento(s)
[2026-09-05T06:00:41.049548]   2026-10-31: 86 evento(s)
[2026-09-05T06:00:41.049552]   2026-11-01: 86 evento(s)
[2026-09-05T06:00:41.049555]   2026-11-02: 86 evento(s)
[2026-09-05T06:00:41.049558]   2026-11-03: 86 evento(s)
[2026-09-05T06:00:41.049561]   2026-11-04: 86 evento(s)
[2026-09-05T06:00:41.049564]   2026-11-05: 84 evento(s)
[2026-09-05T06:00:41.084790] Agenda salva: 69 dias, 5925 eventos pendentes.
=== $(date '+%Y-%m-%d %H:%M:%S') - Extraction completed successfully ===
=== $(date '+%Y-%m-%d %H:%M:%S') - End of run ===
=== $(date '+%Y-%m-%d %H:%M:%S') - Starting agenda extraction ===
[2026-09-05T12:00:45.827632] Iniciando extração: 2026-08-29 → 2026-11-04
[2026-09-05T12:00:45.827836] Buscando página 1 (2026-08-29 → 2026-11-04) …
[2026-09-05T12:00:48.338434]   → 86 eventos (total 86, páginas 1)
[2026-09-05T12:00:48.338724] Total único de eventos da API: 86
[2026-09-05T12:00:48.378470] Eventos concluídos (filtrados): 0
[2026-09-05T12:00:48.378543] Eventos expandidos em entradas de dia: 5925
[2026-09-05T12:00:48.380497]   2026-08-29: 84 evento(s)
[2026-09-05T12:00:48.380530]   2026-08-30: 84 evento(s)
[2026-09-05T12:00:48.380535]   2026-08-31: 84 evento(s)
[2026-09-05T12:00:48.380538]   2026-09-01: 85 evento(s)
[2026-09-05T12:00:48.380541]   2026-09-02: 86 evento(s)
[2026-09-05T12:00:48.380545]   2026-09-03: 86 evento(s)
[2026-09-05T12:00:48.380548]   2026-09-04: 86 evento(s)
[2026-09-05T12:00:48.380551]   2026-09-05: 86 evento(s)
[2026-09-05T12:00:48.380554]   2026-09-06: 86 evento(s)
[2026-09-05T12:00:48.380558]   2026-09-07: 86 evento(s)
[2026-09-05T12:00:48.380562]   2026-09-08: 86 evento(s)
[2026-09-05T12:00:48.380566]   2026-09-09: 86 evento(s)
[2026-09-05T12:00:48.380569]   2026-09-10: 86 evento(s)
[2026-09-05T12:00:48.380572]   2026-09-11: 86 evento(s)
[2026-09-05T12:00:48.380575]   2026-09-12: 86 evento(s)
[2026-09-05T12:00:48.380578]   2026-09-13: 86 evento(s)
[2026-09-05T12:00:48.380582]   2026-09-14: 86 evento(s)
[2026-09-05T12:00:48.380585]   2026-09-15: 86 evento(s)
[2026-09-05T12:00:48.380588]   2026-09-16: 86 evento(s)
[2026-09-05T12:00:48.380592]   2026-09-17: 86 evento(s)
[2026-09-05T12:00:48.380595]   2026-09-18: 86 evento(s)
[2026-09-05T12:00:48.380599]   2026-09-19: 86 evento(s)
[2026-09-05T12:00:48.380602]   2026-09-20: 86 evento(s)
[2026-09-05T12:00:48.380606]   2026-09-21: 86 evento(s)
[2026-09-05T12:00:48.380609]   2026-09-22: 86 evento(s)
[2026-09-05T12:00:48.380613]   2026-09-23: 86 evento(s)
[2026-09-05T12:00:48.380616]   2026-09-24: 86 evento(s)
[2026-09-05T12:00:48.380620]   2026-09-25: 86 evento(s)
[2026-09-05T12:00:48.380623]   2026-09-26: 86 evento(s)
[2026-09-05T12:00:48.380627]   2026-09-27: 86 evento(s)
[2026-09-05T12:00:48.380630]   2026-09-28: 86 evento(s)
[2026-09-05T12:00:48.380634]   2026-09-29: 86 evento(s)
[2026-09-05T12:00:48.380638]   2026-09-30: 86 evento(s)
[2026-09-05T12:00:48.380641]   2026-10-01: 86 evento(s)
[2026-09-05T12:00:48.380645]   2026-10-02: 86 evento(s)
[2026-09-05T12:00:48.380648]   2026-10-03: 86 evento(s)
[2026-09-05T12:00:48.380652]   2026-10-04: 86 evento(s)
[2026-09-05T12:00:48.380656]   2026-10-05: 86 evento(s)
[2026-09-05T12:00:48.380660]   2026-10-06: 86 evento(s)
[2026-09-05T12:00:48.380664]   2026-10-07: 86 evento(s)
[2026-09-05T12:00:48.380667]   2026-10-08: 86 evento(s)
[2026-09-05T12:00:48.380671]   2026-10-09: 86 evento(s)
[2026-09-05T12:00:48.380674]   2026-10-10: 86 evento(s)
[2026-09-05T12:00:48.380678]   2026-10-11: 86 evento(s)
[2026-09-05T12:00:48.380681]   2026-10-12: 86 evento(s)
[2026-09-05T12:00:48.380689]   2026-10-13: 86 evento(s)
[2026-09-05T12:00:48.380693]   2026-10-14: 86 evento(s)
[2026-09-05T12:00:48.380697]   2026-10-15: 86 evento(s)
[2026-09-05T12:00:48.380701]   2026-10-16: 86 evento(s)
[2026-09-05T12:00:48.380705]   2026-10-17: 86 evento(s)
[2026-09-05T12:00:48.380708]   2026-10-18: 86 evento(s)
[2026-09-05T12:00:48.380712]   2026-10-19: 86 evento(s)
[2026-09-05T12:00:48.380716]   2026-10-20: 86 evento(s)
[2026-09-05T12:00:48.380720]   2026-10-21: 86 evento(s)
[2026-09-05T12:00:48.380723]   2026-10-22: 86 evento(s)
[2026-09-05T12:00:48.380727]   2026-10-23: 86 evento(s)
[2026-09-05T12:00:48.380731]   2026-10-24: 86 evento(s)
[2026-09-05T12:00:48.380734]   2026-10-25: 86 evento(s)
[2026-09-05T12:00:48.380738]   2026-10-26: 86 evento(s)
[2026-09-05T12:00:48.380742]   2026-10-27: 86 evento(s)
[2026-09-05T12:00:48.380745]   2026-10-28: 86 evento(s)
[2026-09-05T12:00:48.380763]   2026-10-29: 86 evento(s)
[2026-09-05T12:00:48.380767]   2026-10-30: 86 evento(s)
[2026-09-05T12:00:48.380770]   2026-10-31: 86 evento(s)
[2026-09-05T12:00:48.380774]   2026-11-01: 86 evento(s)
[2026-09-05T12:00:48.380777]   2026-11-02: 86 evento(s)
[2026-09-05T12:00:48.380781]   2026-11-03: 86 evento(s)
[2026-09-05T12:00:48.380784]   2026-11-04: 86 evento(s)
[2026-09-05T12:00:48.380787]   2026-11-05: 84 evento(s)
[2026-09-05T12:00:48.415691] Agenda salva: 69 dias, 5925 eventos pendentes.
=== $(date '+%Y-%m-%d %H:%M:%S') - Extraction completed successfully ===
=== $(date '+%Y-%m-%d %H:%M:%S') - End of run ===
=== $(date '+%Y-%m-%d %H:%M:%S') - Starting agenda extraction ===
[2026-09-05T18:00:52.526730] Iniciando extração: 2026-08-29 → 2026-11-04
[2026-09-05T18:00:52.526791] Buscando página 1 (2026-08-29 → 2026-11-04) …
[2026-09-05T18:00:55.050721]   → 86 eventos (total 86, páginas 1)
[2026-09-05T18:00:55.051204] Total único de eventos da API: 86
[2026-09-05T18:00:55.093682] Eventos concluídos (filtrados): 0
[2026-09-05T18:00:55.093809] Eventos expandidos em entradas de dia: 5925
[2026-09-05T18:00:55.095694]   2026-08-29: 84 evento(s)
[2026-09-05T18:00:55.095745]   2026-08-30: 84 evento(s)
[2026-09-05T18:00:55.095751]   2026-08-31: 84 evento(s)
[2026-09-05T18:00:55.095755]   2026-09-01: 85 evento(s)
[2026-09-05T18:00:55.095758]   2026-09-02: 86 evento(s)
[2026-09-05T18:00:55.095761]   2026-09-03: 86 evento(s)
[2026-09-05T18:00:55.095765]   2026-09-04: 86 evento(s)
[2026-09-05T18:00:55.095768]   2026-09-05: 86 evento(s)
[2026-09-05T18:00:55.095771]   2026-09-06: 86 evento(s)
[2026-09-05T18:00:55.095774]   2026-09-07: 86 evento(s)
[2026-09-05T18:00:55.095778]   2026-09-08: 86 evento(s)
[2026-09-05T18:00:55.095783]   2026-09-09: 86 evento(s)
[2026-09-05T18:00:55.095787]   2026-09-10: 86 evento(s)
[2026-09-05T18:00:55.095790]   2026-09-11: 86 evento(s)
[2026-09-05T18:00:55.095794]   2026-09-12: 86 evento(s)
[2026-09-05T18:00:55.095797]   2026-09-13: 86 evento(s)
[2026-09-05T18:00:55.095801]   2026-09-14: 86 evento(s)
[2026-09-05T18:00:55.095805]   2026-09-15: 86 evento(s)
[2026-09-05T18:00:55.095808]   2026-09-16: 86 evento(s)
[2026-09-05T18:00:55.095824]   2026-09-17: 86 evento(s)
[2026-09-05T18:00:55.095829]   2026-09-18: 86 evento(s)
[2026-09-05T18:00:55.095833]   2026-09-19: 86 evento(s)
[2026-09-05T18:00:55.095837]   2026-09-20: 86 evento(s)
[2026-09-05T18:00:55.095840]   2026-09-21: 86 evento(s)
[2026-09-05T18:00:55.095844]   2026-09-22: 86 evento(s)
[2026-09-05T18:00:55.095860]   2026-09-23: 86 evento(s)
[2026-09-05T18:00:55.095864]   2026-09-24: 86 evento(s)
[2026-09-05T18:00:55.095868]   2026-09-25: 86 evento(s)
[2026-09-05T18:00:55.095872]   2026-09-26: 86 evento(s)
[2026-09-05T18:00:55.095889]   2026-09-27: 86 evento(s)
[2026-09-05T18:00:55.095893]   2026-09-28: 86 evento(s)
[2026-09-05T18:00:55.095897]   2026-09-29: 86 evento(s)
[2026-09-05T18:00:55.095913]   2026-09-30: 86 evento(s)
[2026-09-05T18:00:55.095918]   2026-10-01: 86 evento(s)
[2026-09-05T18:00:55.095934]   2026-10-02: 86 evento(s)
[2026-09-05T18:00:55.095938]   2026-10-03: 86 evento(s)
[2026-09-05T18:00:55.095955]   2026-10-04: 86 evento(s)
[2026-09-05T18:00:55.095960]   2026-10-05: 86 evento(s)
[2026-09-05T18:00:55.095978]   2026-10-06: 86 evento(s)
[2026-09-05T18:00:55.095982]   2026-10-07: 86 evento(s)
[2026-09-05T18:00:55.095998]   2026-10-08: 86 evento(s)
[2026-09-05T18:00:55.096012]   2026-10-09: 86 evento(s)
[2026-09-05T18:00:55.096020]   2026-10-10: 86 evento(s)
[2026-09-05T18:00:55.096024]   2026-10-11: 86 evento(s)
[2026-09-05T18:00:55.096027]   2026-10-12: 86 evento(s)
[2026-09-05T18:00:55.096044]   2026-10-13: 86 evento(s)
[2026-09-05T18:00:55.096066]   2026-10-14: 86 evento(s)
[2026-09-05T18:00:55.096073]   2026-10-15: 86 evento(s)
[2026-09-05T18:00:55.096077]   2026-10-16: 86 evento(s)
[2026-09-05T18:00:55.096081]   2026-10-17: 86 evento(s)
[2026-09-05T18:00:55.096084]   2026-10-18: 86 evento(s)
[2026-09-05T18:00:55.096088]   2026-10-19: 86 evento(s)
[2026-09-05T18:00:55.096091]   2026-10-20: 86 evento(s)
[2026-09-05T18:00:55.096109]   2026-10-21: 86 evento(s)
[2026-09-05T18:00:55.096130]   2026-10-22: 86 evento(s)
[2026-09-05T18:00:55.096146]   2026-10-23: 86 evento(s)
[2026-09-05T18:00:55.096152]   2026-10-24: 86 evento(s)
[2026-09-05T18:00:55.096158]   2026-10-25: 86 evento(s)
[2026-09-05T18:00:55.096162]   2026-10-26: 86 evento(s)
[2026-09-05T18:00:55.096165]   2026-10-27: 86 evento(s)
[2026-09-05T18:00:55.096168]   2026-10-28: 86 evento(s)
[2026-09-05T18:00:55.096171]   2026-10-29: 86 evento(s)
[2026-09-05T18:00:55.096175]   2026-10-30: 86 evento(s)
[2026-09-05T18:00:55.096177]   2026-10-31: 86 evento(s)
[2026-09-05T18:00:55.096181]   2026-11-01: 86 evento(s)
[2026-09-05T18:00:55.096184]   2026-11-02: 86 evento(s)
[2026-09-05T18:00:55.096188]   2026-11-03: 86 evento(s)
[2026-09-05T18:00:55.096190]   2026-11-04: 86 evento(s)
[2026-09-05T18:00:55.096194]   2026-11-05: 84 evento(s)
[2026-09-05T18:00:55.130217] Agenda salva: 69 dias, 5925 eventos pendentes.
=== $(date '+%Y-%m-%d %H:%M:%S') - Extraction completed successfully ===
=== $(date '+%Y-%m-%d %H:%M:%S') - End of run ===
=== $(date '+%Y-%m-%d %H:%M:%S') - Starting agenda extraction ===
[2026-09-06T06:00:05.470558] Iniciando extração: 2026-08-30 → 2026-11-05
[2026-09-06T06:00:05.470771] Buscando página 1 (2026-08-30 → 2026-11-05) …
[2026-09-06T06:00:07.791580]   → 86 eventos (total 86, páginas 1)
[2026-09-06T06:00:07.791787] Total único de eventos da API: 86
[2026-09-06T06:00:07.828705] Eventos concluídos (filtrados): 0
[2026-09-06T06:00:07.828865] Eventos expandidos em entradas de dia: 5927
[2026-09-06T06:00:07.830546]   2026-08-30: 84 evento(s)
[2026-09-06T06:00:07.830579]   2026-08-31: 84 evento(s)
[2026-09-06T06:00:07.830587]   2026-09-01: 85 evento(s)
[2026-09-06T06:00:07.830613]   2026-09-02: 86 evento(s)
[2026-09-06T06:00:07.830619]   2026-09-03: 86 evento(s)
[2026-09-06T06:00:07.830625]   2026-09-04: 86 evento(s)
[2026-09-06T06:00:07.830631]   2026-09-05: 86 evento(s)
[2026-09-06T06:00:07.830638]   2026-09-06: 86 evento(s)
[2026-09-06T06:00:07.830643]   2026-09-07: 86 evento(s)
[2026-09-06T06:00:07.830651]   2026-09-08: 86 evento(s)
[2026-09-06T06:00:07.830657]   2026-09-09: 86 evento(s)
[2026-09-06T06:00:07.830663]   2026-09-10: 86 evento(s)
[2026-09-06T06:00:07.830668]   2026-09-11: 86 evento(s)
[2026-09-06T06:00:07.830673]   2026-09-12: 86 evento(s)
[2026-09-06T06:00:07.830679]   2026-09-13: 86 evento(s)
[2026-09-06T06:00:07.830686]   2026-09-14: 86 evento(s)
[2026-09-06T06:00:07.830692]   2026-09-15: 86 evento(s)
[2026-09-06T06:00:07.830698]   2026-09-16: 86 evento(s)
[2026-09-06T06:00:07.830704]   2026-09-17: 86 evento(s)
[2026-09-06T06:00:07.830711]   2026-09-18: 86 evento(s)
[2026-09-06T06:00:07.830717]   2026-09-19: 86 evento(s)
[2026-09-06T06:00:07.830724]   2026-09-20: 86 evento(s)
[2026-09-06T06:00:07.830730]   2026-09-21: 86 evento(s)
[2026-09-06T06:00:07.830737]   2026-09-22: 86 evento(s)
[2026-09-06T06:00:07.830744]   2026-09-23: 86 evento(s)
[2026-09-06T06:00:07.830750]   2026-09-24: 86 evento(s)
[2026-09-06T06:00:07.830756]   2026-09-25: 86 evento(s)
[2026-09-06T06:00:07.830763]   2026-09-26: 86 evento(s)
[2026-09-06T06:00:07.830769]   2026-09-27: 86 evento(s)
[2026-09-06T06:00:07.830776]   2026-09-28: 86 evento(s)
[2026-09-06T06:00:07.830782]   2026-09-29: 86 evento(s)
[2026-09-06T06:00:07.830789]   2026-09-30: 86 evento(s)
[2026-09-06T06:00:07.830795]   2026-10-01: 86 evento(s)
[2026-09-06T06:00:07.830801]   2026-10-02: 86 evento(s)
[2026-09-06T06:00:07.830808]   2026-10-03: 86 evento(s)
[2026-09-06T06:00:07.830814]   2026-10-04: 86 evento(s)
[2026-09-06T06:00:07.830821]   2026-10-05: 86 evento(s)
[2026-09-06T06:00:07.830827]   2026-10-06: 86 evento(s)
[2026-09-06T06:00:07.830834]   2026-10-07: 86 evento(s)
[2026-09-06T06:00:07.830841]   2026-10-08: 86 evento(s)
[2026-09-06T06:00:07.830847]   2026-10-09: 86 evento(s)
[2026-09-06T06:00:07.830854]   2026-10-10: 86 evento(s)
[2026-09-06T06:00:07.830860]   2026-10-11: 86 evento(s)
[2026-09-06T06:00:07.830867]   2026-10-12: 86 evento(s)
[2026-09-06T06:00:07.830873]   2026-10-13: 86 evento(s)
[2026-09-06T06:00:07.830895]   2026-10-14: 86 evento(s)
[2026-09-06T06:00:07.830902]   2026-10-15: 86 evento(s)
[2026-09-06T06:00:07.830921]   2026-10-16: 86 evento(s)
[2026-09-06T06:00:07.830926]   2026-10-17: 86 evento(s)
[2026-09-06T06:00:07.830932]   2026-10-18: 86 evento(s)
[2026-09-06T06:00:07.830938]   2026-10-19: 86 evento(s)
[2026-09-06T06:00:07.830944]   2026-10-20: 86 evento(s)
[2026-09-06T06:00:07.830950]   2026-10-21: 86 evento(s)
[2026-09-06T06:00:07.830956]   2026-10-22: 86 evento(s)
[2026-09-06T06:00:07.830962]   2026-10-23: 86 evento(s)
[2026-09-06T06:00:07.830968]   2026-10-24: 86 evento(s)
[2026-09-06T06:00:07.830974]   2026-10-25: 86 evento(s)
[2026-09-06T06:00:07.830980]   2026-10-26: 86 evento(s)
[2026-09-06T06:00:07.830986]   2026-10-27: 86 evento(s)
[2026-09-06T06:00:07.830992]   2026-10-28: 86 evento(s)
[2026-09-06T06:00:07.830998]   2026-10-29: 86 evento(s)
[2026-09-06T06:00:07.831004]   2026-10-30: 86 evento(s)
[2026-09-06T06:00:07.831010]   2026-10-31: 86 evento(s)
[2026-09-06T06:00:07.831016]   2026-11-01: 86 evento(s)
[2026-09-06T06:00:07.831022]   2026-11-02: 86 evento(s)
[2026-09-06T06:00:07.831028]   2026-11-03: 86 evento(s)
[2026-09-06T06:00:07.831034]   2026-11-04: 86 evento(s)
[2026-09-06T06:00:07.831040]   2026-11-05: 86 evento(s)
[2026-09-06T06:00:07.831046]   2026-11-06: 84 evento(s)
[2026-09-06T06:00:07.863887] Agenda salva: 69 dias, 5927 eventos pendentes.
=== $(date '+%Y-%m-%d %H:%M:%S') - Extraction completed successfully ===
=== $(date '+%Y-%m-%d %H:%M:%S') - End of run ===
=== $(date '+%Y-%m-%d %H:%M:%S') - Starting agenda extraction ===
[2026-09-06T12:00:11.917426] Iniciando extração: 2026-08-30 → 2026-11-05
[2026-09-06T12:00:11.917513] Buscando página 1 (2026-08-30 → 2026-11-05) …
[2026-09-06T12:00:14.252102]   → 86 eventos (total 86, páginas 1)
[2026-09-06T12:00:14.252234] Total único de eventos da API: 86
[2026-09-06T12:00:14.282612] Eventos concluídos (filtrados): 0
[2026-09-06T12:00:14.282677] Eventos expandidos em entradas de dia: 5927
[2026-09-06T12:00:14.284302]   2026-08-30: 84 evento(s)
[2026-09-06T12:00:14.284340]   2026-08-31: 84 evento(s)
[2026-09-06T12:00:14.284348]   2026-09-01: 85 evento(s)
[2026-09-06T12:00:14.284380]   2026-09-02: 86 evento(s)
[2026-09-06T12:00:14.284389]   2026-09-03: 86 evento(s)
[2026-09-06T12:00:14.284394]   2026-09-04: 86 evento(s)
[2026-09-06T12:00:14.284399]   2026-09-05: 86 evento(s)
[2026-09-06T12:00:14.284404]   2026-09-06: 86 evento(s)
[2026-09-06T12:00:14.284410]   2026-09-07: 86 evento(s)
[2026-09-06T12:00:14.284415]   2026-09-08: 86 evento(s)
[2026-09-06T12:00:14.284422]   2026-09-09: 86 evento(s)
[2026-09-06T12:00:14.284428]   2026-09-10: 86 evento(s)
[2026-09-06T12:00:14.284434]   2026-09-11: 86 evento(s)
[2026-09-06T12:00:14.284440]   2026-09-12: 86 evento(s)
[2026-09-06T12:00:14.284447]   2026-09-13: 86 evento(s)
[2026-09-06T12:00:14.284454]   2026-09-14: 86 evento(s)
[2026-09-06T12:00:14.284460]   2026-09-15: 86 evento(s)
[2026-09-06T12:00:14.284466]   2026-09-16: 86 evento(s)
[2026-09-06T12:00:14.284472]   2026-09-17: 86 evento(s)
[2026-09-06T12:00:14.284477]   2026-09-18: 86 evento(s)
[2026-09-06T12:00:14.284482]   2026-09-19: 86 evento(s)
[2026-09-06T12:00:14.284489]   2026-09-20: 86 evento(s)
[2026-09-06T12:00:14.284496]   2026-09-21: 86 evento(s)
[2026-09-06T12:00:14.284502]   2026-09-22: 86 evento(s)
[2026-09-06T12:00:14.284509]   2026-09-23: 86 evento(s)
[2026-09-06T12:00:14.284515]   2026-09-24: 86 evento(s)
[2026-09-06T12:00:14.284521]   2026-09-25: 86 evento(s)
[2026-09-06T12:00:14.284528]   2026-09-26: 86 evento(s)
[2026-09-06T12:00:14.284535]   2026-09-27: 86 evento(s)
[2026-09-06T12:00:14.284541]   2026-09-28: 86 evento(s)
[2026-09-06T12:00:14.284547]   2026-09-29: 86 evento(s)
[2026-09-06T12:00:14.284553]   2026-09-30: 86 evento(s)
[2026-09-06T12:00:14.284560]   2026-10-01: 86 evento(s)
[2026-09-06T12:00:14.284566]   2026-10-02: 86 evento(s)
[2026-09-06T12:00:14.284573]   2026-10-03: 86 evento(s)
[2026-09-06T12:00:14.284579]   2026-10-04: 86 evento(s)
[2026-09-06T12:00:14.284585]   2026-10-05: 86 evento(s)
[2026-09-06T12:00:14.285714]   2026-10-06: 86 evento(s)
[2026-09-06T12:00:14.285737]   2026-10-07: 86 evento(s)
[2026-09-06T12:00:14.285744]   2026-10-08: 86 evento(s)
[2026-09-06T12:00:14.285750]   2026-10-09: 86 evento(s)
[2026-09-06T12:00:14.285756]   2026-10-10: 86 evento(s)
[2026-09-06T12:00:14.285763]   2026-10-11: 86 evento(s)
[2026-09-06T12:00:14.285769]   2026-10-12: 86 evento(s)
[2026-09-06T12:00:14.285775]   2026-10-13: 86 evento(s)
[2026-09-06T12:00:14.285780]   2026-10-14: 86 evento(s)
[2026-09-06T12:00:14.285786]   2026-10-15: 86 evento(s)
[2026-09-06T12:00:14.285796]   2026-10-16: 86 evento(s)
[2026-09-06T12:00:14.285803]   2026-10-17: 86 evento(s)
[2026-09-06T12:00:14.285809]   2026-10-18: 86 evento(s)
[2026-09-06T12:00:14.285815]   2026-10-19: 86 evento(s)
[2026-09-06T12:00:14.285822]   2026-10-20: 86 evento(s)
[2026-09-06T12:00:14.285827]   2026-10-21: 86 evento(s)
[2026-09-06T12:00:14.285838]   2026-10-22: 86 evento(s)
[2026-09-06T12:00:14.285844]   2026-10-23: 86 evento(s)
[2026-09-06T12:00:14.285849]   2026-10-24: 86 evento(s)
[2026-09-06T12:00:14.285854]   2026-10-25: 86 evento(s)
[2026-09-06T12:00:14.285860]   2026-10-26: 86 evento(s)
[2026-09-06T12:00:14.285866]   2026-10-27: 86 evento(s)
[2026-09-06T12:00:14.285875]   2026-10-28: 86 evento(s)
[2026-09-06T12:00:14.285881]   2026-10-29: 86 evento(s)
[2026-09-06T12:00:14.285886]   2026-10-30: 86 evento(s)
[2026-09-06T12:00:14.285896]   2026-10-31: 86 evento(s)
[2026-09-06T12:00:14.285902]   2026-11-01: 86 evento(s)
[2026-09-06T12:00:14.285907]   2026-11-02: 86 evento(s)
[2026-09-06T12:00:14.285913]   2026-11-03: 86 evento(s)
[2026-09-06T12:00:14.285923]   2026-11-04: 86 evento(s)
[2026-09-06T12:00:14.285929]   2026-11-05: 86 evento(s)
[2026-09-06T12:00:14.285934]   2026-11-06: 84 evento(s)
[2026-09-06T12:00:14.319889] Agenda salva: 69 dias, 5927 eventos pendentes.
=== $(date '+%Y-%m-%d %H:%M:%S') - Extraction completed successfully ===
=== $(date '+%Y-%m-%d %H:%M:%S') - End of run ===
=== $(date '+%Y-%m-%d %H:%M:%S') - Starting agenda extraction ===
[2026-09-06T18:00:17.506136] Iniciando extração: 2026-08-30 → 2026-11-05
[2026-09-06T18:00:17.506282] Buscando página 1 (2026-08-30 → 2026-11-05) …
[2026-09-06T18:00:20.028911]   → 86 eventos (total 86, páginas 1)
[2026-09-06T18:00:20.029170] Total único de eventos da API: 86
[2026-09-06T18:00:20.060734] Eventos concluídos (filtrados): 0
[2026-09-06T18:00:20.060793] Eventos expandidos em entradas de dia: 5927
[2026-09-06T18:00:20.062510]   2026-08-30: 84 evento(s)
[2026-09-06T18:00:20.062544]   2026-08-31: 84 evento(s)
[2026-09-06T18:00:20.062552]   2026-09-01: 85 evento(s)
[2026-09-06T18:00:20.062558]   2026-09-02: 86 evento(s)
[2026-09-06T18:00:20.062562]   2026-09-03: 86 evento(s)
[2026-09-06T18:00:20.062568]   2026-09-04: 86 evento(s)
[2026-09-06T18:00:20.062572]   2026-09-05: 86 evento(s)
[2026-09-06T18:00:20.062577]   2026-09-06: 86 evento(s)
[2026-09-06T18:00:20.062582]   2026-09-07: 86 evento(s)
[2026-09-06T18:00:20.062588]   2026-09-08: 86 evento(s)
[2026-09-06T18:00:20.062595]   2026-09-09: 86 evento(s)
[2026-09-06T18:00:20.062601]   2026-09-10: 86 evento(s)
[2026-09-06T18:00:20.062607]   2026-09-11: 86 evento(s)
[2026-09-06T18:00:20.062614]   2026-09-12: 86 evento(s)
[2026-09-06T18:00:20.062625]   2026-09-13: 86 evento(s)
[2026-09-06T18:00:20.062632]   2026-09-14: 86 evento(s)
[2026-09-06T18:00:20.062638]   2026-09-15: 86 evento(s)
[2026-09-06T18:00:20.062643]   2026-09-16: 86 evento(s)
[2026-09-06T18:00:20.062650]   2026-09-17: 86 evento(s)
[2026-09-06T18:00:20.062656]   2026-09-18: 86 evento(s)
[2026-09-06T18:00:20.062663]   2026-09-19: 86 evento(s)
[2026-09-06T18:00:20.062669]   2026-09-20: 86 evento(s)
[2026-09-06T18:00:20.062680]   2026-09-21: 86 evento(s)
[2026-09-06T18:00:20.062688]   2026-09-22: 86 evento(s)
[2026-09-06T18:00:20.062699]   2026-09-23: 86 evento(s)
[2026-09-06T18:00:20.062706]   2026-09-24: 86 evento(s)
[2026-09-06T18:00:20.062712]   2026-09-25: 86 evento(s)
[2026-09-06T18:00:20.062719]   2026-09-26: 86 evento(s)
[2026-09-06T18:00:20.062725]   2026-09-27: 86 evento(s)
[2026-09-06T18:00:20.062747]   2026-09-28: 86 evento(s)
[2026-09-06T18:00:20.062754]   2026-09-29: 86 evento(s)
[2026-09-06T18:00:20.062760]   2026-09-30: 86 evento(s)
[2026-09-06T18:00:20.062770]   2026-10-01: 86 evento(s)
[2026-09-06T18:00:20.062777]   2026-10-02: 86 evento(s)
[2026-09-06T18:00:20.062783]   2026-10-03: 86 evento(s)
[2026-09-06T18:00:20.062790]   2026-10-04: 86 evento(s)
[2026-09-06T18:00:20.062795]   2026-10-05: 86 evento(s)
[2026-09-06T18:00:20.062805]   2026-10-06: 86 evento(s)
[2026-09-06T18:00:20.062811]   2026-10-07: 86 evento(s)
[2026-09-06T18:00:20.062816]   2026-10-08: 86 evento(s)
[2026-09-06T18:00:20.062825]   2026-10-09: 86 evento(s)
[2026-09-06T18:00:20.062832]   2026-10-10: 86 evento(s)
[2026-09-06T18:00:20.062841]   2026-10-11: 86 evento(s)
[2026-09-06T18:00:20.062849]   2026-10-12: 86 evento(s)
[2026-09-06T18:00:20.062855]   2026-10-13: 86 evento(s)
[2026-09-06T18:00:20.062861]   2026-10-14: 86 evento(s)
[2026-09-06T18:00:20.062867]   2026-10-15: 86 evento(s)
[2026-09-06T18:00:20.062873]   2026-10-16: 86 evento(s)
[2026-09-06T18:00:20.062879]   2026-10-17: 86 evento(s)
[2026-09-06T18:00:20.062889]   2026-10-18: 86 evento(s)
[2026-09-06T18:00:20.062896]   2026-10-19: 86 evento(s)
[2026-09-06T18:00:20.062906]   2026-10-20: 86 evento(s)
[2026-09-06T18:00:20.062912]   2026-10-21: 86 evento(s)
[2026-09-06T18:00:20.062918]   2026-10-22: 86 evento(s)
[2026-09-06T18:00:20.062923]   2026-10-23: 86 evento(s)
[2026-09-06T18:00:20.062928]   2026-10-24: 86 evento(s)
[2026-09-06T18:00:20.062935]   2026-10-25: 86 evento(s)
[2026-09-06T18:00:20.062941]   2026-10-26: 86 evento(s)
[2026-09-06T18:00:20.062950]   2026-10-27: 86 evento(s)
[2026-09-06T18:00:20.062957]   2026-10-28: 86 evento(s)
[2026-09-06T18:00:20.062966]   2026-10-29: 86 evento(s)
[2026-09-06T18:00:20.062973]   2026-10-30: 86 evento(s)
[2026-09-06T18:00:20.062979]   2026-10-31: 86 evento(s)
[2026-09-06T18:00:20.062985]   2026-11-01: 86 evento(s)
[2026-09-06T18:00:20.062990]   2026-11-02: 86 evento(s)
[2026-09-06T18:00:20.062997]   2026-11-03: 86 evento(s)
[2026-09-06T18:00:20.063003]   2026-11-04: 86 evento(s)
[2026-09-06T18:00:20.063009]   2026-11-05: 86 evento(s)
[2026-09-06T18:00:20.063014]   2026-11-06: 84 evento(s)
[2026-09-06T18:00:20.097057] Agenda salva: 69 dias, 5927 eventos pendentes.
=== $(date '+%Y-%m-%d %H:%M:%S') - Extraction completed successfully ===
=== $(date '+%Y-%m-%d %H:%M:%S') - End of run ===
=== $(date '+%Y-%m-%d %H:%M:%S') - Starting agenda extraction ===
[2026-09-07T06:00:27.722372] Iniciando extração: 2026-08-31 → 2026-11-06
[2026-09-07T06:00:27.722557] Buscando página 1 (2026-08-31 → 2026-11-06) …
[2026-09-07T06:00:38.963131]   → 86 eventos (total 86, páginas 1)
[2026-09-07T06:00:38.963218] Total único de eventos da API: 86
[2026-09-07T06:00:38.995109] Eventos concluídos (filtrados): 0
[2026-09-07T06:00:38.995172] Eventos expandidos em entradas de dia: 5928
[2026-09-07T06:00:38.996991]   2026-08-31: 84 evento(s)
[2026-09-07T06:00:38.997031]   2026-09-01: 85 evento(s)
[2026-09-07T06:00:38.997058]   2026-09-02: 86 evento(s)
[2026-09-07T06:00:38.997065]   2026-09-03: 86 evento(s)
[2026-09-07T06:00:38.997070]   2026-09-04: 86 evento(s)
[2026-09-07T06:00:38.997076]   2026-09-05: 86 evento(s)
[2026-09-07T06:00:38.997081]   2026-09-06: 86 evento(s)
[2026-09-07T06:00:38.997086]   2026-09-07: 86 evento(s)
[2026-09-07T06:00:38.997090]   2026-09-08: 86 evento(s)
[2026-09-07T06:00:38.997096]   2026-09-09: 86 evento(s)
[2026-09-07T06:00:38.997102]   2026-09-10: 86 evento(s)
[2026-09-07T06:00:38.997107]   2026-09-11: 86 evento(s)
[2026-09-07T06:00:38.997111]   2026-09-12: 86 evento(s)
[2026-09-07T06:00:38.997116]   2026-09-13: 86 evento(s)
[2026-09-07T06:00:38.997121]   2026-09-14: 86 evento(s)
[2026-09-07T06:00:38.997125]   2026-09-15: 86 evento(s)
[2026-09-07T06:00:38.997130]   2026-09-16: 86 evento(s)
[2026-09-07T06:00:38.997136]   2026-09-17: 86 evento(s)
[2026-09-07T06:00:38.997142]   2026-09-18: 86 evento(s)
[2026-09-07T06:00:38.997147]   2026-09-19: 86 evento(s)
[2026-09-07T06:00:38.997163]   2026-09-20: 86 evento(s)
[2026-09-07T06:00:38.997168]   2026-09-21: 86 evento(s)
[2026-09-07T06:00:38.997174]   2026-09-22: 86 evento(s)
[2026-09-07T06:00:38.997179]   2026-09-23: 86 evento(s)
[2026-09-07T06:00:38.997185]   2026-09-24: 86 evento(s)
[2026-09-07T06:00:38.997192]   2026-09-25: 86 evento(s)
[2026-09-07T06:00:38.997198]   2026-09-26: 86 evento(s)
[2026-09-07T06:00:38.997203]   2026-09-27: 86 evento(s)
[2026-09-07T06:00:38.997209]   2026-09-28: 86 evento(s)
[2026-09-07T06:00:38.997215]   2026-09-29: 86 evento(s)
[2026-09-07T06:00:38.997220]   2026-09-30: 86 evento(s)
[2026-09-07T06:00:38.997226]   2026-10-01: 86 evento(s)
[2026-09-07T06:00:38.997232]   2026-10-02: 86 evento(s)
[2026-09-07T06:00:38.997237]   2026-10-03: 86 evento(s)
[2026-09-07T06:00:38.997243]   2026-10-04: 86 evento(s)
[2026-09-07T06:00:38.997248]   2026-10-05: 86 evento(s)
[2026-09-07T06:00:38.997254]   2026-10-06: 86 evento(s)
[2026-09-07T06:00:38.997259]   2026-10-07: 86 evento(s)
[2026-09-07T06:00:38.997265]   2026-10-08: 86 evento(s)
[2026-09-07T06:00:38.997271]   2026-10-09: 86 evento(s)
[2026-09-07T06:00:38.997276]   2026-10-10: 86 evento(s)
[2026-09-07T06:00:38.997282]   2026-10-11: 86 evento(s)
[2026-09-07T06:00:38.997288]   2026-10-12: 86 evento(s)
[2026-09-07T06:00:38.997294]   2026-10-13: 86 evento(s)
[2026-09-07T06:00:38.997299]   2026-10-14: 86 evento(s)
[2026-09-07T06:00:38.997305]   2026-10-15: 86 evento(s)
[2026-09-07T06:00:38.997311]   2026-10-16: 86 evento(s)
[2026-09-07T06:00:38.997316]   2026-10-17: 86 evento(s)
[2026-09-07T06:00:38.997322]   2026-10-18: 86 evento(s)
[2026-09-07T06:00:38.997328]   2026-10-19: 86 evento(s)
[2026-09-07T06:00:38.997334]   2026-10-20: 86 evento(s)
[2026-09-07T06:00:38.997339]   2026-10-21: 86 evento(s)
[2026-09-07T06:00:38.997345]   2026-10-22: 86 evento(s)
[2026-09-07T06:00:38.997352]   2026-10-23: 86 evento(s)
[2026-09-07T06:00:38.997357]   2026-10-24: 86 evento(s)
[2026-09-07T06:00:38.997363]   2026-10-25: 86 evento(s)
[2026-09-07T06:00:38.997368]   2026-10-26: 86 evento(s)
[2026-09-07T06:00:38.997374]   2026-10-27: 86 evento(s)
[2026-09-07T06:00:38.997379]   2026-10-28: 86 evento(s)
[2026-09-07T06:00:38.997385]   2026-10-29: 86 evento(s)
[2026-09-07T06:00:38.997391]   2026-10-30: 86 evento(s)
[2026-09-07T06:00:38.997397]   2026-10-31: 86 evento(s)
[2026-09-07T06:00:38.997402]   2026-11-01: 86 evento(s)
[2026-09-07T06:00:38.997408]   2026-11-02: 86 evento(s)
[2026-09-07T06:00:38.997414]   2026-11-03: 86 evento(s)
[2026-09-07T06:00:38.997419]   2026-11-04: 86 evento(s)
[2026-09-07T06:00:38.997425]   2026-11-05: 86 evento(s)
[2026-09-07T06:00:38.997431]   2026-11-06: 86 evento(s)
[2026-09-07T06:00:38.997437]   2026-11-07: 83 evento(s)
[2026-09-07T06:00:39.029760] Agenda salva: 69 dias, 5928 eventos pendentes.
=== $(date '+%Y-%m-%d %H:%M:%S') - Extraction completed successfully ===
=== $(date '+%Y-%m-%d %H:%M:%S') - End of run ===
=== $(date '+%Y-%m-%d %H:%M:%S') - Starting agenda extraction ===
[2026-09-07T12:00:32.660867] Iniciando extração: 2026-08-31 → 2026-11-06
[2026-09-07T12:00:32.661081] Buscando página 1 (2026-08-31 → 2026-11-06) …
[2026-09-07T12:00:34.969057]   → 86 eventos (total 86, páginas 1)
[2026-09-07T12:00:34.969150] Total único de eventos da API: 86
[2026-09-07T12:00:34.998557] Eventos concluídos (filtrados): 0
[2026-09-07T12:00:34.998615] Eventos expandidos em entradas de dia: 5928
[2026-09-07T12:00:35.000467]   2026-08-31: 84 evento(s)
[2026-09-07T12:00:35.000502]   2026-09-01: 85 evento(s)
[2026-09-07T12:00:35.000507]   2026-09-02: 86 evento(s)
[2026-09-07T12:00:35.000511]   2026-09-03: 86 evento(s)
[2026-09-07T12:00:35.000514]   2026-09-04: 86 evento(s)
[2026-09-07T12:00:35.000517]   2026-09-05: 86 evento(s)
[2026-09-07T12:00:35.000522]   2026-09-06: 86 evento(s)
[2026-09-07T12:00:35.000525]   2026-09-07: 86 evento(s)
[2026-09-07T12:00:35.000528]   2026-09-08: 86 evento(s)
[2026-09-07T12:00:35.000531]   2026-09-09: 86 evento(s)
[2026-09-07T12:00:35.000534]   2026-09-10: 86 evento(s)
[2026-09-07T12:00:35.000538]   2026-09-11: 86 evento(s)
[2026-09-07T12:00:35.000551]   2026-09-12: 86 evento(s)
[2026-09-07T12:00:35.000554]   2026-09-13: 86 evento(s)
[2026-09-07T12:00:35.000557]   2026-09-14: 86 evento(s)
[2026-09-07T12:00:35.000560]   2026-09-15: 86 evento(s)
[2026-09-07T12:00:35.000563]   2026-09-16: 86 evento(s)
[2026-09-07T12:00:35.000566]   2026-09-17: 86 evento(s)
[2026-09-07T12:00:35.000569]   2026-09-18: 86 evento(s)
[2026-09-07T12:00:35.000572]   2026-09-19: 86 evento(s)
[2026-09-07T12:00:35.000575]   2026-09-20: 86 evento(s)
[2026-09-07T12:00:35.000579]   2026-09-21: 86 evento(s)
[2026-09-07T12:00:35.000582]   2026-09-22: 86 evento(s)
[2026-09-07T12:00:35.000586]   2026-09-23: 86 evento(s)
[2026-09-07T12:00:35.000589]   2026-09-24: 86 evento(s)
[2026-09-07T12:00:35.000593]   2026-09-25: 86 evento(s)
[2026-09-07T12:00:35.000596]   2026-09-26: 86 evento(s)
[2026-09-07T12:00:35.000600]   2026-09-27: 86 evento(s)
[2026-09-07T12:00:35.000602]   2026-09-28: 86 evento(s)
[2026-09-07T12:00:35.000606]   2026-09-29: 86 evento(s)
[2026-09-07T12:00:35.000609]   2026-09-30: 86 evento(s)
[2026-09-07T12:00:35.000613]   2026-10-01: 86 evento(s)
[2026-09-07T12:00:35.000616]   2026-10-02: 86 evento(s)
[2026-09-07T12:00:35.000619]   2026-10-03: 86 evento(s)
[2026-09-07T12:00:35.000623]   2026-10-04: 86 evento(s)
[2026-09-07T12:00:35.000626]   2026-10-05: 86 evento(s)
[2026-09-07T12:00:35.000629]   2026-10-06: 86 evento(s)
[2026-09-07T12:00:35.000632]   2026-10-07: 86 evento(s)
[2026-09-07T12:00:35.000636]   2026-10-08: 86 evento(s)
[2026-09-07T12:00:35.000639]   2026-10-09: 86 evento(s)
[2026-09-07T12:00:35.000643]   2026-10-10: 86 evento(s)
[2026-09-07T12:00:35.000646]   2026-10-11: 86 evento(s)
[2026-09-07T12:00:35.000649]   2026-10-12: 86 evento(s)
[2026-09-07T12:00:35.000653]   2026-10-13: 86 evento(s)
[2026-09-07T12:00:35.000656]   2026-10-14: 86 evento(s)
[2026-09-07T12:00:35.000659]   2026-10-15: 86 evento(s)
[2026-09-07T12:00:35.000662]   2026-10-16: 86 evento(s)
[2026-09-07T12:00:35.000666]   2026-10-17: 86 evento(s)
[2026-09-07T12:00:35.000669]   2026-10-18: 86 evento(s)
[2026-09-07T12:00:35.000672]   2026-10-19: 86 evento(s)
[2026-09-07T12:00:35.000676]   2026-10-20: 86 evento(s)
[2026-09-07T12:00:35.000679]   2026-10-21: 86 evento(s)
[2026-09-07T12:00:35.000683]   2026-10-22: 86 evento(s)
[2026-09-07T12:00:35.000686]   2026-10-23: 86 evento(s)
[2026-09-07T12:00:35.000689]   2026-10-24: 86 evento(s)
[2026-09-07T12:00:35.000692]   2026-10-25: 86 evento(s)
[2026-09-07T12:00:35.000695]   2026-10-26: 86 evento(s)
[2026-09-07T12:00:35.000699]   2026-10-27: 86 evento(s)
[2026-09-07T12:00:35.000702]   2026-10-28: 86 evento(s)
[2026-09-07T12:00:35.000705]   2026-10-29: 86 evento(s)
[2026-09-07T12:00:35.000708]   2026-10-30: 86 evento(s)
[2026-09-07T12:00:35.000711]   2026-10-31: 86 evento(s)
[2026-09-07T12:00:35.000714]   2026-11-01: 86 evento(s)
[2026-09-07T12:00:35.000718]   2026-11-02: 86 evento(s)
[2026-09-07T12:00:35.000721]   2026-11-03: 86 evento(s)
[2026-09-07T12:00:35.000724]   2026-11-04: 86 evento(s)
[2026-09-07T12:00:35.000728]   2026-11-05: 86 evento(s)
[2026-09-07T12:00:35.000731]   2026-11-06: 86 evento(s)
[2026-09-07T12:00:35.000734]   2026-11-07: 83 evento(s)
[2026-09-07T12:00:35.033288] Agenda salva: 69 dias, 5928 eventos pendentes.
=== $(date '+%Y-%m-%d %H:%M:%S') - Extraction completed successfully ===
=== $(date '+%Y-%m-%d %H:%M:%S') - End of run ===
=== $(date '+%Y-%m-%d %H:%M:%S') - Starting agenda extraction ===
[2026-09-07T18:00:39.571163] Iniciando extração: 2026-08-31 → 2026-11-06
[2026-09-07T18:00:39.571222] Buscando página 1 (2026-08-31 → 2026-11-06) …
[2026-09-07T18:00:44.044100] ERRO na requisição: 500 Server Error: Internal Server Error for url: https://api.bernoulli.com.br/api/calendario/events?status=published&grade=12&class=109576&profile=13&school=1846&ignoreAudience=false&sortBy=startDate&sortOrder=asc&startDate=2026-08-31&endDate=2026-11-06&page=1&limit=100
=== $(date '+%Y-%m-%d %H:%M:%S') - Extraction FAILED with exit code $? ===
=== $(date '+%Y-%m-%d %H:%M:%S') - End of run ===
=== $(date '+%Y-%m-%d %H:%M:%S') - Starting agenda extraction ===
[2026-09-08T06:00:50.020591] Iniciando extração: 2026-09-01 → 2026-11-07
[2026-09-08T06:00:50.020686] Buscando página 1 (2026-09-01 → 2026-11-07) …
[2026-09-08T06:00:52.248051]   → 86 eventos (total 86, páginas 1)
[2026-09-08T06:00:52.248147] Total único de eventos da API: 86
[2026-09-08T06:00:52.277512] Eventos concluídos (filtrados): 0
[2026-09-08T06:00:52.277591] Eventos expandidos em entradas de dia: 5929
[2026-09-08T06:00:52.279219]   2026-09-01: 85 evento(s)
[2026-09-08T06:00:52.279253]   2026-09-02: 86 evento(s)
[2026-09-08T06:00:52.279258]   2026-09-03: 86 evento(s)
[2026-09-08T06:00:52.279261]   2026-09-04: 86 evento(s)
[2026-09-08T06:00:52.279264]   2026-09-05: 86 evento(s)
[2026-09-08T06:00:52.279267]   2026-09-06: 86 evento(s)
[2026-09-08T06:00:52.279270]   2026-09-07: 86 evento(s)
[2026-09-08T06:00:52.279273]   2026-09-08: 86 evento(s)
[2026-09-08T06:00:52.279275]   2026-09-09: 86 evento(s)
[2026-09-08T06:00:52.279278]   2026-09-10: 86 evento(s)
[2026-09-08T06:00:52.279281]   2026-09-11: 86 evento(s)
[2026-09-08T06:00:52.279284]   2026-09-12: 86 evento(s)
[2026-09-08T06:00:52.279287]   2026-09-13: 86 evento(s)
[2026-09-08T06:00:52.279289]   2026-09-14: 86 evento(s)
[2026-09-08T06:00:52.279292]   2026-09-15: 86 evento(s)
[2026-09-08T06:00:52.279295]   2026-09-16: 86 evento(s)
[2026-09-08T06:00:52.279298]   2026-09-17: 86 evento(s)
[2026-09-08T06:00:52.279302]   2026-09-18: 86 evento(s)
[2026-09-08T06:00:52.279305]   2026-09-19: 86 evento(s)
[2026-09-08T06:00:52.279308]   2026-09-20: 86 evento(s)
[2026-09-08T06:00:52.279310]   2026-09-21: 86 evento(s)
[2026-09-08T06:00:52.279313]   2026-09-22: 86 evento(s)
[2026-09-08T06:00:52.279317]   2026-09-23: 86 evento(s)
[2026-09-08T06:00:52.279320]   2026-09-24: 86 evento(s)
[2026-09-08T06:00:52.279324]   2026-09-25: 86 evento(s)
[2026-09-08T06:00:52.279327]   2026-09-26: 86 evento(s)
[2026-09-08T06:00:52.279330]   2026-09-27: 86 evento(s)
[2026-09-08T06:00:52.279333]   2026-09-28: 86 evento(s)
[2026-09-08T06:00:52.279336]   2026-09-29: 86 evento(s)
[2026-09-08T06:00:52.279339]   2026-09-30: 86 evento(s)
[2026-09-08T06:00:52.279342]   2026-10-01: 86 evento(s)
[2026-09-08T06:00:52.279346]   2026-10-02: 86 evento(s)
[2026-09-08T06:00:52.279349]   2026-10-03: 86 evento(s)
[2026-09-08T06:00:52.279352]   2026-10-04: 86 evento(s)
[2026-09-08T06:00:52.279355]   2026-10-05: 86 evento(s)
[2026-09-08T06:00:52.279358]   2026-10-06: 86 evento(s)
[2026-09-08T06:00:52.279361]   2026-10-07: 86 evento(s)
[2026-09-08T06:00:52.279364]   2026-10-08: 86 evento(s)
[2026-09-08T06:00:52.279368]   2026-10-09: 86 evento(s)
[2026-09-08T06:00:52.279371]   2026-10-10: 86 evento(s)
[2026-09-08T06:00:52.279374]   2026-10-11: 86 evento(s)
[2026-09-08T06:00:52.279377]   2026-10-12: 86 evento(s)
[2026-09-08T06:00:52.279381]   2026-10-13: 86 evento(s)
[2026-09-08T06:00:52.279384]   2026-10-14: 86 evento(s)
[2026-09-08T06:00:52.279387]   2026-10-15: 86 evento(s)
[2026-09-08T06:00:52.279390]   2026-10-16: 86 evento(s)
[2026-09-08T06:00:52.279394]   2026-10-17: 86 evento(s)
[2026-09-08T06:00:52.279397]   2026-10-18: 86 evento(s)
[2026-09-08T06:00:52.279401]   2026-10-19: 86 evento(s)
[2026-09-08T06:00:52.279404]   2026-10-20: 86 evento(s)
[2026-09-08T06:00:52.279408]   2026-10-21: 86 evento(s)
[2026-09-08T06:00:52.279411]   2026-10-22: 86 evento(s)
[2026-09-08T06:00:52.279415]   2026-10-23: 86 evento(s)
[2026-09-08T06:00:52.279417]   2026-10-24: 86 evento(s)
[2026-09-08T06:00:52.279421]   2026-10-25: 86 evento(s)
[2026-09-08T06:00:52.279424]   2026-10-26: 86 evento(s)
[2026-09-08T06:00:52.279427]   2026-10-27: 86 evento(s)
[2026-09-08T06:00:52.279430]   2026-10-28: 86 evento(s)
[2026-09-08T06:00:52.279433]   2026-10-29: 86 evento(s)
[2026-09-08T06:00:52.279437]   2026-10-30: 86 evento(s)
[2026-09-08T06:00:52.279440]   2026-10-31: 86 evento(s)
[2026-09-08T06:00:52.279443]   2026-11-01: 86 evento(s)
[2026-09-08T06:00:52.279446]   2026-11-02: 86 evento(s)
[2026-09-08T06:00:52.279449]   2026-11-03: 86 evento(s)
[2026-09-08T06:00:52.279453]   2026-11-04: 86 evento(s)
[2026-09-08T06:00:52.279464]   2026-11-05: 86 evento(s)
[2026-09-08T06:00:52.279468]   2026-11-06: 86 evento(s)
[2026-09-08T06:00:52.279471]   2026-11-07: 85 evento(s)
[2026-09-08T06:00:52.279474]   2026-11-08: 83 evento(s)
[2026-09-08T06:00:52.313334] Agenda salva: 69 dias, 5929 eventos pendentes.
=== $(date '+%Y-%m-%d %H:%M:%S') - Extraction completed successfully ===
=== $(date '+%Y-%m-%d %H:%M:%S') - End of run ===
=== $(date '+%Y-%m-%d %H:%M:%S') - Starting agenda extraction ===
[2026-09-08T12:00:55.781293] Iniciando extração: 2026-09-01 → 2026-11-07
[2026-09-08T12:00:55.781391] Buscando página 1 (2026-09-01 → 2026-11-07) …
[2026-09-08T12:00:58.111073]   → 86 eventos (total 86, páginas 1)
[2026-09-08T12:00:58.111181] Total único de eventos da API: 86
[2026-09-08T12:00:58.156510] Eventos concluídos (filtrados): 0
[2026-09-08T12:00:58.156581] Eventos expandidos em entradas de dia: 5929
[2026-09-08T12:00:58.158379]   2026-09-01: 85 evento(s)
[2026-09-08T12:00:58.158417]   2026-09-02: 86 evento(s)
[2026-09-08T12:00:58.158444]   2026-09-03: 86 evento(s)
[2026-09-08T12:00:58.158448]   2026-09-04: 86 evento(s)
[2026-09-08T12:00:58.158452]   2026-09-05: 86 evento(s)
[2026-09-08T12:00:58.158456]   2026-09-06: 86 evento(s)
[2026-09-08T12:00:58.158459]   2026-09-07: 86 evento(s)
[2026-09-08T12:00:58.158462]   2026-09-08: 86 evento(s)
[2026-09-08T12:00:58.158465]   2026-09-09: 86 evento(s)
[2026-09-08T12:00:58.158469]   2026-09-10: 86 evento(s)
[2026-09-08T12:00:58.158472]   2026-09-11: 86 evento(s)
[2026-09-08T12:00:58.158475]   2026-09-12: 86 evento(s)
[2026-09-08T12:00:58.158479]   2026-09-13: 86 evento(s)
[2026-09-08T12:00:58.158482]   2026-09-14: 86 evento(s)
[2026-09-08T12:00:58.158485]   2026-09-15: 86 evento(s)
[2026-09-08T12:00:58.158496]   2026-09-16: 86 evento(s)
[2026-09-08T12:00:58.158500]   2026-09-17: 86 evento(s)
[2026-09-08T12:00:58.158504]   2026-09-18: 86 evento(s)
[2026-09-08T12:00:58.158508]   2026-09-19: 86 evento(s)
[2026-09-08T12:00:58.158511]   2026-09-20: 86 evento(s)
[2026-09-08T12:00:58.158515]   2026-09-21: 86 evento(s)
[2026-09-08T12:00:58.158519]   2026-09-22: 86 evento(s)
[2026-09-08T12:00:58.158523]   2026-09-23: 86 evento(s)
[2026-09-08T12:00:58.158527]   2026-09-24: 86 evento(s)
[2026-09-08T12:00:58.158531]   2026-09-25: 86 evento(s)
[2026-09-08T12:00:58.158535]   2026-09-26: 86 evento(s)
[2026-09-08T12:00:58.158539]   2026-09-27: 86 evento(s)
[2026-09-08T12:00:58.158542]   2026-09-28: 86 evento(s)
[2026-09-08T12:00:58.158546]   2026-09-29: 86 evento(s)
[2026-09-08T12:00:58.158550]   2026-09-30: 86 evento(s)
[2026-09-08T12:00:58.158553]   2026-10-01: 86 evento(s)
[2026-09-08T12:00:58.158557]   2026-10-02: 86 evento(s)
[2026-09-08T12:00:58.158560]   2026-10-03: 86 evento(s)
[2026-09-08T12:00:58.158564]   2026-10-04: 86 evento(s)
[2026-09-08T12:00:58.158567]   2026-10-05: 86 evento(s)
[2026-09-08T12:00:58.158571]   2026-10-06: 86 evento(s)
[2026-09-08T12:00:58.158575]   2026-10-07: 86 evento(s)
[2026-09-08T12:00:58.158579]   2026-10-08: 86 evento(s)
[2026-09-08T12:00:58.158582]   2026-10-09: 86 evento(s)
[2026-09-08T12:00:58.158586]   2026-10-10: 86 evento(s)
[2026-09-08T12:00:58.158589]   2026-10-11: 86 evento(s)
[2026-09-08T12:00:58.158596]   2026-10-12: 86 evento(s)
[2026-09-08T12:00:58.158599]   2026-10-13: 86 evento(s)
[2026-09-08T12:00:58.158602]   2026-10-14: 86 evento(s)
[2026-09-08T12:00:58.158606]   2026-10-15: 86 evento(s)
[2026-09-08T12:00:58.158609]   2026-10-16: 86 evento(s)
[2026-09-08T12:00:58.158612]   2026-10-17: 86 evento(s)
[2026-09-08T12:00:58.158616]   2026-10-18: 86 evento(s)
[2026-09-08T12:00:58.158619]   2026-10-19: 86 evento(s)
[2026-09-08T12:00:58.158623]   2026-10-20: 86 evento(s)
[2026-09-08T12:00:58.158626]   2026-10-21: 86 evento(s)
[2026-09-08T12:00:58.158630]   2026-10-22: 86 evento(s)
[2026-09-08T12:00:58.158633]   2026-10-23: 86 evento(s)
[2026-09-08T12:00:58.158636]   2026-10-24: 86 evento(s)
[2026-09-08T12:00:58.158639]   2026-10-25: 86 evento(s)
[2026-09-08T12:00:58.158642]   2026-10-26: 86 evento(s)
[2026-09-08T12:00:58.158646]   2026-10-27: 86 evento(s)
[2026-09-08T12:00:58.158663]   2026-10-28: 86 evento(s)
[2026-09-08T12:00:58.158667]   2026-10-29: 86 evento(s)
[2026-09-08T12:00:58.158669]   2026-10-30: 86 evento(s)
[2026-09-08T12:00:58.158672]   2026-10-31: 86 evento(s)
[2026-09-08T12:00:58.158675]   2026-11-01: 86 evento(s)
[2026-09-08T12:00:58.158678]   2026-11-02: 86 evento(s)
[2026-09-08T12:00:58.158681]   2026-11-03: 86 evento(s)
[2026-09-08T12:00:58.158684]   2026-11-04: 86 evento(s)
[2026-09-08T12:00:58.158686]   2026-11-05: 86 evento(s)
[2026-09-08T12:00:58.158689]   2026-11-06: 86 evento(s)
[2026-09-08T12:00:58.158692]   2026-11-07: 85 evento(s)
[2026-09-08T12:00:58.158695]   2026-11-08: 83 evento(s)
[2026-09-08T12:00:58.191595] Agenda salva: 69 dias, 5929 eventos pendentes.
=== $(date '+%Y-%m-%d %H:%M:%S') - Extraction completed successfully ===
=== $(date '+%Y-%m-%d %H:%M:%S') - End of run ===
=== $(date '+%Y-%m-%d %H:%M:%S') - Starting agenda extraction ===
[2026-09-08T18:00:01.271280] Iniciando extração: 2026-09-01 → 2026-11-07
[2026-09-08T18:00:01.271348] Buscando página 1 (2026-09-01 → 2026-11-07) …
[2026-09-08T18:00:03.793097]   → 86 eventos (total 86, páginas 1)
[2026-09-08T18:00:03.793214] Total único de eventos da API: 86
[2026-09-08T18:00:03.824024] Eventos concluídos (filtrados): 0
[2026-09-08T18:00:03.824085] Eventos expandidos em entradas de dia: 5929
[2026-09-08T18:00:03.825881]   2026-09-01: 85 evento(s)
[2026-09-08T18:00:03.825917]   2026-09-02: 86 evento(s)
[2026-09-08T18:00:03.825925]   2026-09-03: 86 evento(s)
[2026-09-08T18:00:03.825930]   2026-09-04: 86 evento(s)
[2026-09-08T18:00:03.825935]   2026-09-05: 86 evento(s)
[2026-09-08T18:00:03.825940]   2026-09-06: 86 evento(s)
[2026-09-08T18:00:03.825945]   2026-09-07: 86 evento(s)
[2026-09-08T18:00:03.825950]   2026-09-08: 86 evento(s)
[2026-09-08T18:00:03.825956]   2026-09-09: 86 evento(s)
[2026-09-08T18:00:03.825961]   2026-09-10: 86 evento(s)
[2026-09-08T18:00:03.825965]   2026-09-11: 86 evento(s)
[2026-09-08T18:00:03.825972]   2026-09-12: 86 evento(s)
[2026-09-08T18:00:03.825979]   2026-09-13: 86 evento(s)
[2026-09-08T18:00:03.825985]   2026-09-14: 86 evento(s)
[2026-09-08T18:00:03.825992]   2026-09-15: 86 evento(s)
[2026-09-08T18:00:03.825998]   2026-09-16: 86 evento(s)
[2026-09-08T18:00:03.826005]   2026-09-17: 86 evento(s)
[2026-09-08T18:00:03.826012]   2026-09-18: 86 evento(s)
[2026-09-08T18:00:03.826018]   2026-09-19: 86 evento(s)
[2026-09-08T18:00:03.826024]   2026-09-20: 86 evento(s)
[2026-09-08T18:00:03.826036]   2026-09-21: 86 evento(s)
[2026-09-08T18:00:03.826042]   2026-09-22: 86 evento(s)
[2026-09-08T18:00:03.826048]   2026-09-23: 86 evento(s)
[2026-09-08T18:00:03.826053]   2026-09-24: 86 evento(s)
[2026-09-08T18:00:03.826062]   2026-09-25: 86 evento(s)
[2026-09-08T18:00:03.826069]   2026-09-26: 86 evento(s)
[2026-09-08T18:00:03.826075]   2026-09-27: 86 evento(s)
[2026-09-08T18:00:03.826082]   2026-09-28: 86 evento(s)
[2026-09-08T18:00:03.826088]   2026-09-29: 86 evento(s)
[2026-09-08T18:00:03.826095]   2026-09-30: 86 evento(s)
[2026-09-08T18:00:03.826100]   2026-10-01: 86 evento(s)
[2026-09-08T18:00:03.826127]   2026-10-02: 86 evento(s)
[2026-09-08T18:00:03.826135]   2026-10-03: 86 evento(s)
[2026-09-08T18:00:03.826140]   2026-10-04: 86 evento(s)
[2026-09-08T18:00:03.826146]   2026-10-05: 86 evento(s)
[2026-09-08T18:00:03.826156]   2026-10-06: 86 evento(s)
[2026-09-08T18:00:03.826163]   2026-10-07: 86 evento(s)
[2026-09-08T18:00:03.826170]   2026-10-08: 86 evento(s)
[2026-09-08T18:00:03.826177]   2026-10-09: 86 evento(s)
[2026-09-08T18:00:03.826183]   2026-10-10: 86 evento(s)
[2026-09-08T18:00:03.826189]   2026-10-11: 86 evento(s)
[2026-09-08T18:00:03.826200]   2026-10-12: 86 evento(s)
[2026-09-08T18:00:03.826207]   2026-10-13: 86 evento(s)
[2026-09-08T18:00:03.826218]   2026-10-14: 86 evento(s)
[2026-09-08T18:00:03.826225]   2026-10-15: 86 evento(s)
[2026-09-08T18:00:03.826235]   2026-10-16: 86 evento(s)
[2026-09-08T18:00:03.826242]   2026-10-17: 86 evento(s)
[2026-09-08T18:00:03.826248]   2026-10-18: 86 evento(s)
[2026-09-08T18:00:03.826255]   2026-10-19: 86 evento(s)
[2026-09-08T18:00:03.826283]   2026-10-20: 86 evento(s)
[2026-09-08T18:00:03.826290]   2026-10-21: 86 evento(s)
[2026-09-08T18:00:03.826296]   2026-10-22: 86 evento(s)
[2026-09-08T18:00:03.826305]   2026-10-23: 86 evento(s)
[2026-09-08T18:00:03.826312]   2026-10-24: 86 evento(s)
[2026-09-08T18:00:03.826317]   2026-10-25: 86 evento(s)
[2026-09-08T18:00:03.826326]   2026-10-26: 86 evento(s)
[2026-09-08T18:00:03.826332]   2026-10-27: 86 evento(s)
[2026-09-08T18:00:03.826342]   2026-10-28: 86 evento(s)
[2026-09-08T18:00:03.826348]   2026-10-29: 86 evento(s)
[2026-09-08T18:00:03.826354]   2026-10-30: 86 evento(s)
[2026-09-08T18:00:03.826361]   2026-10-31: 86 evento(s)
[2026-09-08T18:00:03.826369]   2026-11-01: 86 evento(s)
[2026-09-08T18:00:03.826376]   2026-11-02: 86 evento(s)
[2026-09-08T18:00:03.826381]   2026-11-03: 86 evento(s)
[2026-09-08T18:00:03.826387]   2026-11-04: 86 evento(s)
[2026-09-08T18:00:03.826397]   2026-11-05: 86 evento(s)
[2026-09-08T18:00:03.826403]   2026-11-06: 86 evento(s)
[2026-09-08T18:00:03.826413]   2026-11-07: 85 evento(s)
[2026-09-08T18:00:03.826419]   2026-11-08: 83 evento(s)
[2026-09-08T18:00:03.859779] Agenda salva: 69 dias, 5929 eventos pendentes.
=== $(date '+%Y-%m-%d %H:%M:%S') - Extraction completed successfully ===
=== $(date '+%Y-%m-%d %H:%M:%S') - End of run ===
=== $(date '+%Y-%m-%d %H:%M:%S') - Starting agenda extraction ===
[2026-09-09T06:00:09.994357] Iniciando extração: 2026-09-02 → 2026-11-08
[2026-09-09T06:00:09.994529] Buscando página 1 (2026-09-02 → 2026-11-08) …
[2026-09-09T06:00:12.102083]   → 86 eventos (total 86, páginas 1)
[2026-09-09T06:00:12.102170] Total único de eventos da API: 86
[2026-09-09T06:00:12.132075] Eventos concluídos (filtrados): 0
[2026-09-09T06:00:12.132136] Eventos expandidos em entradas de dia: 5930
[2026-09-09T06:00:12.133825]   2026-09-02: 86 evento(s)
[2026-09-09T06:00:12.133855]   2026-09-03: 86 evento(s)
[2026-09-09T06:00:12.133861]   2026-09-04: 86 evento(s)
[2026-09-09T06:00:12.133864]   2026-09-05: 86 evento(s)
[2026-09-09T06:00:12.133868]   2026-09-06: 86 evento(s)
[2026-09-09T06:00:12.133871]   2026-09-07: 86 evento(s)
[2026-09-09T06:00:12.133874]   2026-09-08: 86 evento(s)
[2026-09-09T06:00:12.133877]   2026-09-09: 86 evento(s)
[2026-09-09T06:00:12.133880]   2026-09-10: 86 evento(s)
[2026-09-09T06:00:12.133884]   2026-09-11: 86 evento(s)
[2026-09-09T06:00:12.133887]   2026-09-12: 86 evento(s)
[2026-09-09T06:00:12.133890]   2026-09-13: 86 evento(s)
[2026-09-09T06:00:12.133893]   2026-09-14: 86 evento(s)
[2026-09-09T06:00:12.133897]   2026-09-15: 86 evento(s)
[2026-09-09T06:00:12.133900]   2026-09-16: 86 evento(s)
[2026-09-09T06:00:12.133903]   2026-09-17: 86 evento(s)
[2026-09-09T06:00:12.133906]   2026-09-18: 86 evento(s)
[2026-09-09T06:00:12.133909]   2026-09-19: 86 evento(s)
[2026-09-09T06:00:12.133913]   2026-09-20: 86 evento(s)
[2026-09-09T06:00:12.133916]   2026-09-21: 86 evento(s)
[2026-09-09T06:00:12.133919]   2026-09-22: 86 evento(s)
[2026-09-09T06:00:12.133923]   2026-09-23: 86 evento(s)
[2026-09-09T06:00:12.133926]   2026-09-24: 86 evento(s)
[2026-09-09T06:00:12.133929]   2026-09-25: 86 evento(s)
[2026-09-09T06:00:12.133933]   2026-09-26: 86 evento(s)
[2026-09-09T06:00:12.133936]   2026-09-27: 86 evento(s)
[2026-09-09T06:00:12.133940]   2026-09-28: 86 evento(s)
[2026-09-09T06:00:12.133943]   2026-09-29: 86 evento(s)
[2026-09-09T06:00:12.133947]   2026-09-30: 86 evento(s)
[2026-09-09T06:00:12.133951]   2026-10-01: 86 evento(s)
[2026-09-09T06:00:12.133954]   2026-10-02: 86 evento(s)
[2026-09-09T06:00:12.133958]   2026-10-03: 86 evento(s)
[2026-09-09T06:00:12.133961]   2026-10-04: 86 evento(s)
[2026-09-09T06:00:12.133965]   2026-10-05: 86 evento(s)
[2026-09-09T06:00:12.133969]   2026-10-06: 86 evento(s)
[2026-09-09T06:00:12.133972]   2026-10-07: 86 evento(s)
[2026-09-09T06:00:12.133976]   2026-10-08: 86 evento(s)
[2026-09-09T06:00:12.133979]   2026-10-09: 86 evento(s)
[2026-09-09T06:00:12.133983]   2026-10-10: 86 evento(s)
[2026-09-09T06:00:12.133987]   2026-10-11: 86 evento(s)
[2026-09-09T06:00:12.133991]   2026-10-12: 86 evento(s)
[2026-09-09T06:00:12.134002]   2026-10-13: 86 evento(s)
[2026-09-09T06:00:12.134006]   2026-10-14: 86 evento(s)
[2026-09-09T06:00:12.134009]   2026-10-15: 86 evento(s)
[2026-09-09T06:00:12.134012]   2026-10-16: 86 evento(s)
[2026-09-09T06:00:12.134015]   2026-10-17: 86 evento(s)
[2026-09-09T06:00:12.134018]   2026-10-18: 86 evento(s)
[2026-09-09T06:00:12.134022]   2026-10-19: 86 evento(s)
[2026-09-09T06:00:12.134025]   2026-10-20: 86 evento(s)
[2026-09-09T06:00:12.134028]   2026-10-21: 86 evento(s)
[2026-09-09T06:00:12.134031]   2026-10-22: 86 evento(s)
[2026-09-09T06:00:12.134035]   2026-10-23: 86 evento(s)
[2026-09-09T06:00:12.134038]   2026-10-24: 86 evento(s)
[2026-09-09T06:00:12.134041]   2026-10-25: 86 evento(s)
[2026-09-09T06:00:12.134044]   2026-10-26: 86 evento(s)
[2026-09-09T06:00:12.134047]   2026-10-27: 86 evento(s)
[2026-09-09T06:00:12.134051]   2026-10-28: 86 evento(s)
[2026-09-09T06:00:12.134053]   2026-10-29: 86 evento(s)
[2026-09-09T06:00:12.134057]   2026-10-30: 86 evento(s)
[2026-09-09T06:00:12.134060]   2026-10-31: 86 evento(s)
[2026-09-09T06:00:12.134063]   2026-11-01: 86 evento(s)
[2026-09-09T06:00:12.134066]   2026-11-02: 86 evento(s)
[2026-09-09T06:00:12.134069]   2026-11-03: 86 evento(s)
[2026-09-09T06:00:12.134073]   2026-11-04: 86 evento(s)
[2026-09-09T06:00:12.134076]   2026-11-05: 86 evento(s)
[2026-09-09T06:00:12.134079]   2026-11-06: 86 evento(s)
[2026-09-09T06:00:12.134082]   2026-11-07: 85 evento(s)
[2026-09-09T06:00:12.134085]   2026-11-08: 85 evento(s)
[2026-09-09T06:00:12.134089]   2026-11-09: 84 evento(s)
[2026-09-09T06:00:12.166662] Agenda salva: 69 dias, 5930 eventos pendentes.
=== $(date '+%Y-%m-%d %H:%M:%S') - Extraction completed successfully ===
=== $(date '+%Y-%m-%d %H:%M:%S') - End of run ===
=== $(date '+%Y-%m-%d %H:%M:%S') - Starting agenda extraction ===
[2026-09-09T12:00:14.412443] Iniciando extração: 2026-09-02 → 2026-11-08
[2026-09-09T12:00:14.412505] Buscando página 1 (2026-09-02 → 2026-11-08) …
[2026-09-09T12:00:16.569225]   → 87 eventos (total 87, páginas 1)
[2026-09-09T12:00:16.569316] Total único de eventos da API: 87
[2026-09-09T12:00:16.600778] Eventos concluídos (filtrados): 0
[2026-09-09T12:00:16.600850] Eventos expandidos em entradas de dia: 5991
[2026-09-09T12:00:16.602830]   2026-09-02: 86 evento(s)
[2026-09-09T12:00:16.602874]   2026-09-03: 86 evento(s)
[2026-09-09T12:00:16.602883]   2026-09-04: 86 evento(s)
[2026-09-09T12:00:16.602888]   2026-09-05: 86 evento(s)
[2026-09-09T12:00:16.602893]   2026-09-06: 86 evento(s)
[2026-09-09T12:00:16.602898]   2026-09-07: 86 evento(s)
[2026-09-09T12:00:16.602903]   2026-09-08: 86 evento(s)
[2026-09-09T12:00:16.602908]   2026-09-09: 87 evento(s)
[2026-09-09T12:00:16.602914]   2026-09-10: 87 evento(s)
[2026-09-09T12:00:16.602919]   2026-09-11: 87 evento(s)
[2026-09-09T12:00:16.602925]   2026-09-12: 87 evento(s)
[2026-09-09T12:00:16.602932]   2026-09-13: 87 evento(s)
[2026-09-09T12:00:16.602937]   2026-09-14: 87 evento(s)
[2026-09-09T12:00:16.602943]   2026-09-15: 87 evento(s)
[2026-09-09T12:00:16.602949]   2026-09-16: 87 evento(s)
[2026-09-09T12:00:16.602955]   2026-09-17: 87 evento(s)
[2026-09-09T12:00:16.602964]   2026-09-18: 87 evento(s)
[2026-09-09T12:00:16.602970]   2026-09-19: 87 evento(s)
[2026-09-09T12:00:16.602977]   2026-09-20: 87 evento(s)
[2026-09-09T12:00:16.602983]   2026-09-21: 87 evento(s)
[2026-09-09T12:00:16.602989]   2026-09-22: 87 evento(s)
[2026-09-09T12:00:16.602995]   2026-09-23: 87 evento(s)
[2026-09-09T12:00:16.603001]   2026-09-24: 87 evento(s)
[2026-09-09T12:00:16.603007]   2026-09-25: 87 evento(s)
[2026-09-09T12:00:16.603019]   2026-09-26: 87 evento(s)
[2026-09-09T12:00:16.603027]   2026-09-27: 87 evento(s)
[2026-09-09T12:00:16.603033]   2026-09-28: 87 evento(s)
[2026-09-09T12:00:16.603040]   2026-09-29: 87 evento(s)
[2026-09-09T12:00:16.603046]   2026-09-30: 87 evento(s)
[2026-09-09T12:00:16.603052]   2026-10-01: 87 evento(s)
[2026-09-09T12:00:16.603059]   2026-10-02: 87 evento(s)
[2026-09-09T12:00:16.603066]   2026-10-03: 87 evento(s)
[2026-09-09T12:00:16.603102]   2026-10-04: 87 evento(s)
[2026-09-09T12:00:16.603111]   2026-10-05: 87 evento(s)
[2026-09-09T12:00:16.603116]   2026-10-06: 87 evento(s)
[2026-09-09T12:00:16.603121]   2026-10-07: 87 evento(s)
[2026-09-09T12:00:16.603126]   2026-10-08: 87 evento(s)
[2026-09-09T12:00:16.603132]   2026-10-09: 87 evento(s)
[2026-09-09T12:00:16.603137]   2026-10-10: 87 evento(s)
[2026-09-09T12:00:16.603141]   2026-10-11: 87 evento(s)
[2026-09-09T12:00:16.603147]   2026-10-12: 87 evento(s)
[2026-09-09T12:00:16.603152]   2026-10-13: 87 evento(s)
[2026-09-09T12:00:16.603159]   2026-10-14: 87 evento(s)
[2026-09-09T12:00:16.603164]   2026-10-15: 87 evento(s)
[2026-09-09T12:00:16.603170]   2026-10-16: 87 evento(s)
[2026-09-09T12:00:16.603175]   2026-10-17: 87 evento(s)
[2026-09-09T12:00:16.603181]   2026-10-18: 87 evento(s)
[2026-09-09T12:00:16.603188]   2026-10-19: 87 evento(s)
[2026-09-09T12:00:16.603194]   2026-10-20: 87 evento(s)
[2026-09-09T12:00:16.603200]   2026-10-21: 87 evento(s)
[2026-09-09T12:00:16.603206]   2026-10-22: 87 evento(s)
[2026-09-09T12:00:16.603213]   2026-10-23: 87 evento(s)
[2026-09-09T12:00:16.603218]   2026-10-24: 87 evento(s)
[2026-09-09T12:00:16.603224]   2026-10-25: 87 evento(s)
[2026-09-09T12:00:16.603230]   2026-10-26: 87 evento(s)
[2026-09-09T12:00:16.603236]   2026-10-27: 87 evento(s)
[2026-09-09T12:00:16.603241]   2026-10-28: 87 evento(s)
[2026-09-09T12:00:16.603247]   2026-10-29: 87 evento(s)
[2026-09-09T12:00:16.603253]   2026-10-30: 87 evento(s)
[2026-09-09T12:00:16.603259]   2026-10-31: 87 evento(s)
[2026-09-09T12:00:16.603265]   2026-11-01: 87 evento(s)
[2026-09-09T12:00:16.603271]   2026-11-02: 87 evento(s)
[2026-09-09T12:00:16.603277]   2026-11-03: 87 evento(s)
[2026-09-09T12:00:16.603283]   2026-11-04: 87 evento(s)
[2026-09-09T12:00:16.603289]   2026-11-05: 87 evento(s)
[2026-09-09T12:00:16.603294]   2026-11-06: 87 evento(s)
[2026-09-09T12:00:16.603300]   2026-11-07: 86 evento(s)
[2026-09-09T12:00:16.603306]   2026-11-08: 86 evento(s)
[2026-09-09T12:00:16.603312]   2026-11-09: 84 evento(s)
[2026-09-09T12:00:16.638780] Agenda salva: 69 dias, 5991 eventos pendentes.
=== $(date '+%Y-%m-%d %H:%M:%S') - Extraction completed successfully ===
=== $(date '+%Y-%m-%d %H:%M:%S') - End of run ===
